:020000040800F2
:10000000C0560024AD0200083DD000088D990008BC
:10001000B1CC0008011B0008C9F300080000000073
:100020000000000000000000000000004DD90008A2
:10003000252B000800000000BBD00008D5DE00081A
:10004000C7020008C7020008C7020008C70200086C
:10005000C7020008C7020008C7020008C70200085C
:10006000C7020008C7020008C7020008A92200084A
:10007000B5220008C1220008CD220008D9220008BC
:10008000E5220008F1220008C7020008852D0008BB
:10009000912D0008C7020008C7020008C702000827
:1000A000C7020008C7020008C7020008C70200080C
:1000B000C7020008C7020008C7020008C7020008FC
:1000C000C702000885A20008C7020008C70200088E
:1000D000C702000875F300088DF30008A5F30008B7
:1000E000C7020008C702000800000000C70200089D
:1000F000CDE40008C1E40008C7020008FD220008A2
:10010000C7020008C7020008C7020008C7020008AB
:10011000E1E60008F9E60008C7020008C702000887
:100120000923000815230008212300082D230008B7
:1001300039230008C7020008C7020008C7020008E8
:1001400000000000000000000000000000000000AF
:100150004523000851230008C7020008BDF300082A
:10016000C7020008C7020008C7020008C70200084B
:10017000C7020008C7020008C7020008C70200083B
:10018000C7020008C702000811E7000829E70008B5
:10019000C7020008C7020008C7020008C70200081B
:1001A000C7020008C7020008C7020008C70200080B
:1001B000C7020008C7020008C7020008C7020008FB
:1001C000C7020008C7020008C7020008C7020008EB
:1001D000C7020008C7020008C7020008C7020008DB
:1001E000C7020008C7020008C7020008C7020008CB
:1001F000C7020008C7020008C7020008C7020008BB
:10020000C7020008C7020008C7020008C7020008AA
:10021000C7020008C7020008C7020008C70200089A
:10022000C7020008C7020008C7020008000000005B
:10023000C7020008C702000800000000C70200084B
:10024000C7020008C7020008C7020008C70200086A
:10025000C7020008C7020008C7020008C70200085A
:10026000C7020008C7020008C7020008C70200084A
:10027000C7020008C7020008C7020008000000000B
:10028000C7020008C7020008C702000800000000FB
:1002900000000000C7020008DFF80CD000F080FA70
:1002A00000480047DDFC0008C0560024064880478F
:1002B00006480047FEE7FEE7FEE7FEE7FEE7FEE74B
:1002C000FEE7FEE7FEE7FEE7C9DF00089902000847
:1002D0002DE9F05F0546002092469B46884606467B
:1002E000814640241BE0284641464746224600F00E
:1002F00077F853465A46C01A914110D31146184612
:10030000224600F05EF82D1A67EB01084F462246A0
:100310000120002100F055F817EB00094E41201E86
:10032000A4F10104DFDC484631462A464346BDE8D5
:10033000F09F10B5431A934209D28318881803E03E
:1003400010F8011D03F8011D521EF9D210BD40EA3C
:1003500001039B0703D009E008C9121F08C0042A43
:10036000FAD203E011F8013B00F8013B521EF9D22A
:1003700010BDD2B201E000F8012B491EFBD270473C
:100380000022F6E710B513460A4604461946FFF761
:10039000F0FF204610BD30B50B460146002020225C
:1003A000012409E021FA02F59D4205D303FA02F582
:1003B000491B04FA02F52844151EA2F10102F1DCE2
:1003C00030BD202A04DB203A00FA02F100207047F9
:1003D0009140C2F1200320FA03F319439040704783
:1003E000202A04DB203A21FA02F00021704721FA8A
:1003F00002F3D040C2F120029140084319467047F1
:100400002DE9FE4F804681EA0300C00F0C460090A4
:1004100021F0004123F00045B8EB0200A94105D2CC
:100420004046214690461C460B46024623F00040BB
:10043000104347D0270DC7F30A00C3F30A510290B7
:10044000401A019040286BDAC3F3130040F4801B7C
:100450000098924620B10023D2EB030A63EB0B0B0A
:1004600001985946C0F140025046FFF7AAFF0646E0
:100470000D4650465946019A00F0A4F910EB0800C9
:100480006141002487EA115284EAE7731A4340D09D
:10049000009A62B3019A012A4FEA075215DC001B49
:1004A00061EB02014FF0004202EA0752CDE900423F
:1004B000001C41F5801132462B4600F0A4F903B030
:1004C000BDE8F08F40462146F9E7001B61EB0201D1
:1004D000001C41F5801300185B412018A2F500179D
:1004E00047EB030140EAD570B6196D4111E06D0884
:1004F0004FEA360645EAC0754FEA0752001B61EB2A
:100500000201001C41F5801149084FEA3000001932
:10051000514132462B4603B0BDE8F04F00F064B9BC
:100520000098012240000023D0EB020263EBE0734D
:10053000009821464FEAE074B8EB000061EB04013B
:10054000E9E783F000435BE781F0004158E72DE9DC
:10055000FE4F81EA030404F0004421F000410094BE
:100560004FF0000B23F0004350EA01045ED052EA42
:1005700003045BD0C3F30A54C1F30A552C44A4F21C
:10058000F3340194A0FB0254C1F3130141F4801130
:10059000C3F3130343F4801301FB024400FB034E37
:1005A000840A970A44EA815447EA8357A4FB076800
:1005B00002958D0A05FB07854FEA932C04FB0C542A
:1005C0002705029D4FEA065847EA1637B5EB08059E
:1005D0006EEB070C870E920E47EA811742EA8312F0
:1005E000A7FB0201B6EB0B0164EB00042B0D43EA01
:1005F0000C335E1844EB1C50DA465146E7FB02010F
:10060000C5F313044FEA0B3343EA14534FEA0432A1
:10061000019C43EA0603A4F10C040294009CCDE97A
:1006200000B400F0F0F803B0BDE8F08F0020014600
:10063000F9E72DE9F04D81EA030404F0004B21F0C5
:10064000004514464FF0000A23F0004150EA05022D
:1006500020D054EA01021DD0C5F30A570246C5F363
:100660001303C1F31300C1F30A5640F4801543F499
:100670008013A7EB0608101BD64608F2FD3873EB73
:10068000050002D308F1010801E092185B41B8F1BE
:10069000000F03DA00200146BDE8F08D00204FF482
:1006A0008011064684460EE0171B73EB050705D341
:1006B000121B63EB050306434CEA010C49084FEAA1
:1006C000300092185B4150EA0107EDD152EA030075
:1006D00012D082EA040083EA0501084305D0101B0A
:1006E000AB4106D20122002306E000224FF0004376
:1006F00002E06FF0010253101AEB06004CEB0851B8
:1007000010EB0A0041EB0B01BDE8F04D00F06CB8B6
:1007100070B521F0004303430CD0C1F30A55002407
:10072000D5EB040564EB0403D617AD1AB34102DB25
:100730000020014670BD201841EB025170BDC1F38D
:100740000A52C1F3130140F2FF3341F480119A427F
:1007500002DA00200146704740F233439A42A2F287
:10076000334202DC5242FFF73BBEFFF72ABE0000D5
:1007700030B5041E71F1000404DB4FF00044404228
:1007800064EB0101141E73F1000405DB1C464FF0FD
:100790000043524263EB0403994208BF904230BDCC
:1007A000064C074D06E0E06840F0010394E80700BE
:1007B00098471034AC42F6D3FFF772FD4031010880
:1007C00060310108202A06DBCB17203A41FA02F0FB
:1007D00043EAE07306E041FA02F3D040C2F120029E
:1007E000914008431946704710B5141E73F1000478
:1007F00008DA401C41F1000192185B411A4301D113
:1008000020F0010010BD2DE9F04D92469B4611B13C
:10081000B1FA81F202E0B0FA80F220329046FFF79E
:10082000D0FD04460F4640EA0A0041EA0B01534658
:100830005A46084313D0114653EA010019D0C8F1B3
:1008400040025046FFF7CCFD05460E46504659463D
:100850004246FFF7B6FD084305D0012004E02046DC
:100860003946BDE8F08D0020054346EAE0762C438A
:1008700037430A986305E40AA0EB08000022FD0A4A
:1008800044EA47540A3002D500200146E9E7010551
:1008900010196941DDE9084500196941BDE8F04DCD
:1008A000A2E770B58C1810F8015B15F0070301D1B1
:1008B00010F8013B2A1106D110F8012B03E010F8C3
:1008C000016B01F8016B5B1EF9D12B0705D40023E6
:1008D000521E0DD401F8013BFAE710F8013BCB1A88
:1008E000921C03E013F8015B01F8015B521EF9D57D
:1008F000A142D8D3002070BD70B52DED0E8B0446FB
:100900007F48814A9FED7F1A9FED7B2B0029B0F92C
:10091000760002F63C0520EE010A95ED001AB7EECE
:10092000C04A03EE100AB8EEC30B94EDA0AAB1EED4
:10093000411A00EE024BB7EEC10AB7EEC49B3BD0A2
:1009400010F0B2F8B0EE408B95ED000A94EDA11ACC
:100950006E4EB7EECAAAB1EE400AB7EEC1BAB7EE14
:10096000C00A10F011FE20EE0B0B08EE4A0BB7EE9A
:10097000C00B86ED050A95ED000A94EDA08AB1EE54
:10098000400AB7EEC00A10F0FFFD95ED001A94ED95
:10099000A13AB1EE482AB7EEC22A20EE02ABB1EE80
:1009A000411AB7EEC38AB7EEC11AB0EE410B10F090
:1009B0007BF800EE48AB38E010F076F895ED001AC1
:1009C00094EDA12A514EB7EECA3A20EE038BB1EE58
:1009D000411AB7EEC2AAB7EEC11AB0EE410B10F041
:1009E000D3FD00EE4A8BB7EEC80B86ED050A95EDF8
:1009F000000A94EDA0AAB1EE400AB7EEC00A10F0CA
:100A0000C3FDB0EE408B95ED000A94EDA11AB7EE50
:100A1000CACAB1EE400AB7EEC1BAB7EEC00A10F0CA
:100A200043F820EE0BAB08EE0CAB384DB7EECA0B1B
:100A3000B7EEC98A85ED060AB0EE480B95ED05BA0A
:100A400010F0A2FD95ED06CAB0EE409BB0EE480B4B
:100A500010F02AF895ED05DAB0EE40ABB0EE480B99
:100A600010F022F895ED061AB7EECD2AB7EECCCAF3
:100A700020EE02DBB0EE480BB7EEC1EA10F084FDC9
:100A800000EE4EDBB7EECB0A2AEE0C1B2046B7EE8B
:100A9000CD2B09EE001B85ED072AB7EEC10BB1EE99
:100AA000424A94EDA21A32EE403A34EE404A31EE18
:100AB000033A31EE044ABDEEC33A84ED1E3A30EEFD
:100AC000423ABDEEC44A30EE020A31EE033A84EDFA
:100AD000314A30EE010ABDEEC32A84ED442ABDEE50
:100AE000C00A84ED570ABDEC0E8BBDE870400DF0D6
:100AF000A9B800BF00BF00BF94F6065F984C65BF61
:100B0000601D002403FA8EBC50010024D010002484
:100B10002DE9F84F1B4E8246984691460F4640F20B
:100B200001240AF5BC7B5D4612E0A0B20021002240
:100B3000022300900BEB06000CF048F997EC030A37
:100B4000D7ED081A284600F05BFD2C3501344C36F1
:100B5000002EEAD199EC030AD9ED081A0AF50A70B9
:100B600000F04EFD98EC030AD8ED081A0AF515704E
:100B700000F046FD4FF07E50CAE9A500CAF89C027D
:100B8000BDE8F88FD0FEFFFF2DE9F843DFF898901D
:100B9000044640F201201F4615460E460021002261
:100BA00001234FF00008009004F19800C84740F27C
:100BB0000220002100220123009004F1E400C84734
:100BC00040F2032000210222012300902046C84762
:100BD00097EC030AD7ED081A144F04F14C00B847FC
:100BE00096EC030AD6ED081A04F59870B84795EC10
:100BF000030AD5ED081A04F5AE70B8474FF4FA5061
:100C0000A4F89000282084F893000948C4F88400D0
:100C10004EF62020A4F89C81A4F8980105480A30DB
:100C2000A4F89A01BDE8F183CDCD000801160008B3
:100C30001FF42C3E20EAFFFF154A6FF05F0192F887
:100C40006130022B08BF6FF05D0180F8281892F820
:100C50006230022B04BF41F0040180F8281892F89A
:100C60006330022B04BF41F0080180F8281892F885
:100C70006430022B04BF41F0100180F8281892F86C
:100C80006720022A04BF41F0010180F8281870474C
:100C90007C2E002459480122818B806905F058B9C7
:100CA00056480022818B806905F052B92DE9F04148
:100CB0002DED028BDFF80881C047424C8020A04711
:100CC0005520A0475520A0473F4D404F6870B8477A
:100CD0009FED3F8A3F4EB0EE480AB047C0478020A4
:100CE000A0475520A0475520A0476870B847B0EEF0
:100CF000480AB047C0477E20B62100F039FCB8470B
:100D00009FED350AB047C0478020A0475520A04737
:100D10005520A0476870B847B0EE480AB047C047B2
:100D20008020A0475520A0475520A0476870B847AD
:100D3000B0EE480AB04768781E283BD1734E9FED4D
:100D4000248A002030E0FFF7ABFFA87800EB4001D9
:100D5000705C3144497800F00BFCFFF79BFFB0EE6C
:100D6000480A01F01FFEFFF79BFFA87800EB400048
:100D7000305C40F08000A0475520A0475520A04798
:100D80006870FFF787FFB0EE480A01F00BFEA87805
:100D90006A7800EB4001013031444B789A421FBF22
:100DA00089782A7811432970A870C0B20528CAD959
:100DB000002000E0FF20BDEC028BBDE8F08100BF09
:100DC000A10C000845150008C0120024950C00086D
:100DD0006F12833AA52900080AD7A33D07480122CC
:100DE000B0F84010C06B05F0B3B800BF0348002254
:100DF000B0F84010C06B05F0ABB800BF6C0D00241C
:100E0000F8B52DED028B394CA047394D0020A8478D
:100E1000384EB0479FED388A384FB0EE480AB84791
:100E2000A0470020A847B047B0EE480AB847A047FF
:100E30001420B62100F09CFBB0479FED310AB84763
:100E4000A0470020A847B047B0EE480AB847A047DF
:100E50000020A847B047B0EE480AB847294C607850
:100E60000F283DD1284D9FED248A284E002031E0E7
:100E7000FFF7BCFFA07800EB4001685C294449788B
:100E800000F076FBFFF7AAFFB0EE480A01F08AFDFA
:100E9000FFF7ACFFA07800EB4000285C00F044FBBB
:100EA000FFF79CFFB0EE480A01F07CFDA078617866
:100EB00000EB40022A44527891420AD00138C1B274
:100EC000A0704900227851FA80F1314489781143A9
:100ED00021700130A070C0B20528C9D9002000E0FF
:100EE000FF20BDEC028B01B0F0BD00BFED0D00088E
:100EF00029150008DD0D00086F12833AA5290008A6
:100F00000AD7A33DC0120024EA2C0108D82C0108FE
:100F10002DE9F84F2DED184BDFF84C54DFF84C4419
:100F200000224FF00008284621460CF09FFC04F1F7
:100F30002401284600220CF099FCDFF8346486F87E
:100F40000080FFF7B3FE317808433070FFF758FF99
:100F5000317808433070CDE9068801F057FDDFEDA8
:100F6000ED8A9FEDED8ADFF80C949FEDECEA9FEDA2
:100F7000EC9A9FEDECFADFEDECBADFEDECCADFEDB9
:100F8000ECDADFEDECEAB2EE08CA0DF1180A03AFB5
:100F90006D46B6EE00DAF4EE009AF3EE07AA86ED9F
:100FA000030AF0EE68FA01F031FD96ED031A30EE17
:100FB000410AB4EECC0AF1EE10FA00F3BD81B0EEB6
:100FC000480A01F0EFFC4FF0000BC4E91BBBC4E979
:100FD0001DBB05E0B0EE490A01F0E4FC0BF1010B8A
:100FE000CBF3CC004A2800F20D81FFF759FE922086
:100FF00000F0A8FA12205146062200F083FAFFF70B
:1010000049FE9DF818009DF8191099ED010A40EA73
:10101000012000B201EE100AB8EEC11A9DF81A00C4
:101020009DF81B1020EE011A84ED121A40EA0120EF
:1010300000B202EE100AB8EEC22A9DF81C009DF81C
:101040001D1020EE022A22EE02BA84ED132A01EED0
:1010500001BA40EA012000B203EE100AB8EEC33A2A
:1010600020EE030A00EE00BA84ED140AB0EE4B0A3B
:1010700010F0DDFBB0EE40AAB4EE4AAAF1EE10FA91
:1010800005D0B0EE4B0A10F0D2FBB0EE40AA94EDC2
:101090001E0A3AEE000A84ED1E0AFFF7A7FE0020A2
:1010A0005146082200F02EFAFFF798FE9DF818002E
:1010B0000F2840D19DF81A009DF81B1099ED020AE7
:1010C00040EA012000B201EE100AB8EEC11A9DF804
:1010D0001C009DF81D1020EE011A84ED151A94EDE8
:1010E0001B2A40EA012000B232EE011A84ED1B1ADD
:1010F00001EE100AB8EEC11A9DF81E009DF81F10EF
:1011000020EE011A84ED161A94ED1C2A40EA012003
:1011100000B232EE011A84ED1C1A01EE100AB8EE8C
:10112000C11A20EE010A84ED170A94ED1D1A31EE62
:10113000000A84ED1D0A5FEA0B4024D0002017E06E
:101140003918221892ED150A91ED001AB4EEC10A71
:10115000F1EE10FAC8BF81ED000A2918043091EDB4
:10116000001AB4EEC10AF1EE10FAB8BF81ED000A20
:101170000C28E5D1B4EEE8AACAFE6FFAF1EE10FA37
:101180007AFE288A0FE0002007E004EB8001496D19
:1011900047F8201045F8201001300328F5D1F0EE73
:1011A0004A8AF0EE4AFA38EEEF0A002086ED040A89
:1011B0000BE039182A1891ED002A92ED001A311827
:1011C000043032EE411A81ED071A0C28F1D1B4EE49
:1011D000CD0AF1EE10FADEBF96ED070AB4EECE0AA4
:1011E000F1EE10FA0EDC96ED080AB4EECE0AF1EE3E
:1011F00010FADEBF96ED090AB4EECE0AF1EE10FA4F
:101200007FF7E8AE94ED1E0A002080EE0F0A84ED11
:101210001E0A07E02118043091ED1B0A80EE0F0A28
:1012200081ED1B0A0C28F5D1FFF73AFDA22000F052
:1012300089F922205146022200F064F9FFF72AFDC5
:101240009DF819109DF81800B0EE6A1A490941EA94
:10125000C0004949B8EB902F18BF084300EE100AB0
:10126000B8EEC00AB9F8000000EE291A96ED040A9B
:1012700084ED181A0130B4EEEB0AA9F80000F1EE83
:1012800010FA3FF790AE94ED1EAA3AEE2C0A0EF03B
:10129000F3FEB4EEED0AF1EE10FADEBF96ED070AAA
:1012A000B4EEEE0AF1EE10FA3FF77DAE96ED080AC5
:1012B000B4EEEE0AF1EE10FADEBF96ED090AB4EED6
:1012C000EE0AF1EE10FA3FF76EAE94ED1B0A0EF047
:1012D000D3FE9FED2A1AB4EEC10AF1EE10FA3FF7E1
:1012E00062AE94ED1C0A0EF0C7FE9FED241AB4EE18
:1012F000C10AF1EE10FA3FF756AE94ED1D0A0EF05A
:10130000BBFE9FED1E1AB4EEC10AF1EE10FA3FF7D4
:101310004AAE1DE0000000000AD7A33B9A99193E8F
:101320006F12033A00001644CDCC4C3FCDCC1CC10B
:101330006666663F9A99993E11489FED15AAE06648
:10134000104820671048606710481149A16720665F
:101350009FED100A307880EE0A0A84ED1A0ABDEC7F
:10136000184B01B0BDE8F08FE02400246C0D002480
:10137000C01200244000002400F8FFFF8FC2F53C9B
:10138000F2FA88BB7779ABBBE1CB96B900008C420F
:101390002C092441C3F51C412DE9F0410446FFF717
:1013A0007FFC922000F0CEF8654E1220062206F156
:1013B0001405294600F0A6F8FFF76CFC307D717D1E
:1013C0004F4F40EA0120208700B297ED010A94EDCB
:1013D000081A02EE100AB8EEC22A20EE020A21EE26
:1013E000000A84ED000AB07DF17D40EA01206087AB
:1013F00000B297ED010A02EE100AB8EEC22A20EE02
:10140000022A21EE022A84ED012A307E717E40EA12
:10141000012001B202EE101AB8EEC22AF080A087B5
:1014200020EE020A21EE000A84ED020AFFF7DEFC3C
:101430000020294608224FF0000800F063F8FFF76B
:10144000CDFC307D0F2834D1B07DF17D40EA012004
:10145000E08700B297ED020A94ED091A02EE100A35
:10146000B8EEC22A10EE021A84ED031A307E717EA5
:1014700040EA0120A4F8400000B294ED0A1A02EEFE
:10148000100AB8EEC22A10EE021A84ED041AB07ED9
:10149000F17E40EA0120F080A4F8420000B294ED11
:1014A0000B1A02EE100AB8EEC22A10EE021A84EDF0
:1014B000051AFFF7F5FBA22000F044F82220294688
:1014C000022200F01FF8FFF7E5FB717D307DB4EEDE
:1014D000001AB3EE072A490941EAC000B8EB902F81
:1014E00018BF40F4784001B200EE101AB8EEC00AFE
:1014F000F08000EE012A84ED072ABDE8F08100BFEC
:1015000040000024B0B540F0800014460D4600F0C5
:1015100019F8200608BFB0BD552000F013F805F8F3
:10152000010B013CF5E7000080B540F0800000F0C1
:1015300009F8552000F006F80149487080BD00BF49
:10154000C0120024E0B58DF8070008484FF47A7106
:101550000DF10602012300910DF10701406806F02C
:1015600013FE9DF8060002B080BD00BFB82F002416
:1015700010B50C46FFF7E6FF2046BDE81040FFF728
:10158000E1BF000010B52DED068B044630EE608AF9
:1015900084ED038A94ED000A28EE009A84ED059A02
:1015A00094ED010A94ED06AA08EE00AAB7EEC80A67
:1015B00084ED06AA0FF078FB94ED081AB7EEC11A75
:1015C000B4EEC10BF1EE10FAC2BF9FED0CAA0020E1
:1015D000A06194ED090A94ED021A38EE402A39EE22
:1015E0000A0A21EE423A01EE420A84ED073A84EDFE
:1015F000098A84ED0A0ABDEC068B10BD00000000CC
:101600000021C0ED081A80EC030AC0E90511C16190
:101610007047000010B52DED068B044630EE608A51
:1016200084ED038A94ED000A28EE009A84ED059A71
:1016300094ED010A94ED06AA08EE00AAB7EEC80AD6
:1016400084ED06AA0FF030FB94ED081AB7EEC11A2C
:10165000B4EEC10BF1EE10FAC2BF9FED0EAA00204E
:10166000A06194ED091A94ED020A39EE0A2A38EEC7
:10167000411A20EE413A00EE412A84ED073A84ED0A
:101680000A2ABDEEC20A84ED098A10EE100ABDECEA
:10169000068B10BD0000000092ED012A92ED023A87
:1016A00092ED001A92ED034A90ED017AB6EE000A2F
:1016B00090ED006AD0ED020AF0EE401A23EE025AD5
:1016C00043EE431A04EE415A44EE441A23EE011A43
:1016D00027EE053AB0EE405A04EE021A06EE213A21
:1016E00001EE203A33EE031A81ED001A92ED012A41
:1016F00092ED001A92ED034A92ED023A90ED017AD2
:1017000090ED006AD0ED020A02EE425A61EE041A30
:1017100004EE445A42EE031A23EE044A25EE073A39
:1017200002EE414A06EE213A04EE203A33EE031A65
:1017300081ED011A92ED023A92ED034A92ED012AEF
:1017400092ED001A90ED017A90ED006AD0ED020A58
:1017500024EE035A22EE044A02EE420A02EE015A35
:1017600001EE434A03EE430A25EE071A06EE041A79
:1017700000EE201A31EE010A81ED020A70470000E6
:1017800070B52DED088B04460878AB2840F09580A5
:101790004878207201288A78627204BF487BDD286D
:1017A00040F08B802078022800F087804FF0000CFA
:1017B000012564269FED460ABFEE001AB7EE002A07
:1017C000A4F802C0087B04EB8000D0F824E0C4F841
:1017D00020E00B7B04EB8303D3F82834C4F82434D3
:1017E0002570CD780A7905F03F0015F0C00F10FB89
:1017F000062002FE014A03EE100AB8EEC33A83EE59
:10180000003A24EE038A84ED048A48798A7900F04C
:101810003F0510F0C00F15FB062202FE011A03EE71
:10182000102AB8EEC33A83EE000A21EE009AB2EE17
:10183000040A84ED039AC87901EE100AB8EE411A41
:1018400081EE000A84ED050A087A84F82908C87A2E
:101850002076204884F819C0807A02282DD11E4DA8
:101860000AEE10EA0BEE103A95ED120A95ED151AF4
:1018700030EE410AB7EEC00A0FF016FA9FED101BCA
:10188000B4EEC10BF1EE10FA02DAA07A01280AD008
:101890009FED0D1BB4EEC10BF1EE10FA01DAA07A48
:1018A00008B1002000E0012038EE0A0A39EE0B1AD8
:1018B000607685ED120A85ED001ABDEC088B70BDCF
:1018C0009A9999999999E93F9A9999999999D93FAA
:1018D0000000C842782B0024601D002480B501461A
:1018E00084480022C2808448428A0132428283486E
:1018F000FFF746FF002080BD70B50A78AA2A65D19F
:101900004C7804EB440201EB42029278DD2A5DD16F
:101910002F4A9289063A92B20D2A57D89FED2D0A86
:1019200000F6570C00F6B403033100224FF0640EAA
:1019300080F84C4847E090F84448022C1ABFB0F8B1
:10194000484801340024A0F8484811F8014C0B2CF9
:1019500088BF70BD0CF8024001320C7904EB84049E
:10196000640001EE104AB8EEC11A83ED001A0C783B
:101970004D7804F07F0614F0800F16FB0E5501EE33
:10198000105AB8EEC11A81EE001AB1EE412A01FEDA
:10199000021A03ED0A1A8C78CD78063104F07F061E
:1019A00014F0800F16FB0E5501EE105AB8EEC11A56
:1019B00081EE001AB1EE412A01FE021A03ED141A5B
:1019C000043390F84C48E4B2A242B4DB70BD00BFCF
:1019D000003000240000C84280B501464648428BD2
:1019E000013242834548FFF787FF002080BD00BFDA
:1019F0000A78AA2A69D14A7880F83228012A8B7895
:101A000080F8343818BF704780B5CB7891F804E07F
:101A10004FF0640C9FED2D0A9FED2D4ABFEE002A7A
:101A2000B7EE003A03F03F0213F0C00F12FB0CE2D6
:101A300003FE025A01EE102AB8EEC11A81EE001A16
:101A400025EE011AB0EE085A21EE041A21EE051A0D
:101A5000BDEEC11A11EE102AA0F838284A7991F883
:101A600006E002F03F0312F0C00F13FB0CE302FE8E
:101A7000036A01EE103AB8EEC11A81EE001A26EEA2
:101A8000011A21EE041A21EE051ABDEEC11A11EE5B
:101A9000102AA0F836284A7A80F84028887AC97A2D
:101AA00000F03F0210F0C00F12FB0C1103FE022ADF
:101AB00001EE101A0749B8EEC11A81EE000A22EEB3
:101AC000000A81ED000ABDE8804070470000C8426E
:101AD00000408F444423002480B50146054800227D
:101AE00042810548828A013282820448FFF780FFE2
:101AF000002080BD000E002400300024500100248E
:101B0000FEE700002DE9F04F8FB0114B00F1080AFD
:101B1000D3E900C10E919968DB680D91D0E900EB23
:101B20009AE8E007D0E90841D0E90A20CDE9084168
:101B3000CDE90A2002A8CDE900EB80E8E007604685
:101B4000DDE90D210BF076F900200FB0BDE8F08F34
:101B5000200000242DE9F04F8FB0114B00F1080A4E
:101B6000D3E900C10E919968DB680D91D0E900EBD3
:101B70009AE8E007D0E90841D0E90A20CDE9084118
:101B8000CDE90A2002A8CDE900EB80E8E007604635
:101B9000DDE90D210BF04EF900200FB0BDE8F08F0C
:101BA0003000002410B588B0044600200221CDE9A1
:101BB000000002910121CDE90310059069462068DB
:101BC00003F08EFB20680121002203F0FDFA20685B
:101BD00004F012F808B010BD70B58AB00C46054686
:101BE00001AE142101CC01900020CDE902000820B3
:101BF000049006F11000FEF7C3FB28683146224628
:101C000003F036FBB0FA80F040090AB070BD000066
:101C1000484BDDE90B1298420FD0474B984240D118
:101C2000A2F2012080B2032821D844481E4B00EBC9
:101C300042000A0AC2541D4A32E0A2F2012080B2D8
:101C4000032807D83D481A4B00EB42000A0AC25449
:101C5000184A25E0A2F2052080B2032821D837488F
:101C60003D4B00EB42000A0AC2543C4A18E0A2F283
:101C7000052080B2032807D83048334B00EB4200E0
:101C80000A0AC254314A0BE0A2F2092080B20228AB
:101C900007D82A482A4B00EB42000A0AC254294AB4
:101CA00081540020704700BF26FCFFFF27FCFFFF88
:101CB00002FCFFFF03FCFFFF1E4BDDE90B12984205
:101CC0000FD01D4B984233D1A2F2052080B20328D9
:101CD00021D81A481C4B00EB42000A0AC2541B4A86
:101CE00025E0A2F2052080B2032807D813481A4B3A
:101CF00000EB42000A0AC254184A18E0A2F2092076
:101D000080B2022814D80D48114B00EB42000A0A99
:101D1000C254104A0BE0A2F2092080B2022807D870
:101D20000648074B00EB42000A0AC254054A815498
:101D3000002070474C230024EC2300247000002472
:101D40002EFCFFFF2FFCFFFF2AFCFFFF2BFCFFFFF9
:101D50000AFCFFFF0BFCFFFF06FCFFFF07FCFFFF79
:101D600001884FF47F43418107990ABA03EA11239E
:101D7000120C43EA11610281418008990BBA090CE7
:101D80001B0C8380817102800020704710B50368AE
:101D9000094C084AA34206D0084CA34218BF10BD04
:101DA00002F10C0302E002F11C0310321060196012
:101DB00010BD00BF2000002400A4004000A000408F
:101DC00070B52DED0C8B0D46044600F0BFF904EB09
:101DD00080009FED731A00F68C0090ED000AB4EEBF
:101DE000C10AF1EE10FA00F3C2809FED6E2AB4EE44
:101DF000C20AF1EE10FAC0F2BA806B4830EE010A66
:101E00006A4E9FED6B6A80ED030A95ED152A31EE5F
:101E1000422AB1EE041A20EE014A96ED091A30EE7C
:101E2000023A32EE025A80ED042AB4EEC63AF1EEDE
:101E300010FA15DA9FED622A35EE022AB4EEC24A94
:101E4000F1EE10FA36DAB0EE0C0BB7EEC32AB7EEAD
:101E5000C11A82EE000BB0EE042B30EE011B1CE029
:101E60009FED543A35EE444A34EE033AB5EEC03AAB
:101E7000F1EE10FA2DDA9FED513AB7EEC11A33EEBA
:101E8000422A32EE400AB0EE0C2BB7EEC00A80EECA
:101E9000020BB8EE042B31EE401BB7EEC11B86EDF2
:101EA000091A96ED121AB7EEC11A00EE021BB7EE30
:101EB000C10B20E09FED432A95EDD03A32EE432A44
:101EC00030EE020ABBEE092A31EE001A33EE020AA6
:101ED0000FE09FED392A95EDCF3AB3EE094A33EE84
:101EE000022A32EE042A30EE420A31EE001A33EEB4
:101EF000040A86ED091A04F6640586ED120A9FEDC0
:101F00001E8B04F6B40495ED000A94ED009AB7EE2A
:101F1000C00A80EE080B0FF037FB95ED001A9FED1D
:101F200018BBB7EEC92A94ED00AA9FED179B9FED51
:101F300018CB9FED19DBB7EEC11A00EE02BB81EEA4
:101F4000081BB0EE410B0EF0AFFDB7EECA1A00EE63
:101F5000019B3BEE0C0B39EE0D1B80EE010B0EF0DE
:101F6000AFFA20EE080BB7EEC00B86ED000ABDEC11
:101F70000C8B70BD00BF00BF6666666666A64C40EF
:101F800000000000000059400000000000D066C0C2
:101F900000000000004067C00000000000707140B9
:101FA0000000B4420000B4C260100024601D002490
:101FB0000000344300402144000087430000B44344
:101FC00000000CC30000E642B0B504463648007875
:101FD000D0B3954DA87A00F0F000402818BFB0BDEE
:101FE000B5F87E100120962924BFB5F8DC103329FE
:101FF00036D395F83801422810D195ED4D0ABAEE46
:10200000001A30EE010AB7EEC00A0EF04DFEB0EE37
:10201000001BB4EEC10BF1EE10FA20DB95F87C004A
:102020000B2804D3E98E40F6C512914217D3092834
:102030009EBF698C40F6C512914210D30B281BD36A
:10204000298CC9B903200BE07748B0F87E009528A9
:1020500001D8012004E01548807A012805D1042028
:1020600084F82C080020A072B0BD032818BF0220FD
:1020700084F82C08F6D010E000210A2838BF01218E
:10208000A88EB0FA80F0420903201142E8D1A98954
:10209000F029E5D9022084F82C0894F8400801289A
:1020A000E0D10120DFE700BF810F0024782B00245E
:1020B000B0B52DED048B224D04462249B0EE008BC5
:1020C000286891ED030A90ED071A31EE000AB0EE90
:1020D000481BB7EEC00A0EF0F3FD2868B0EE409B37
:1020E000B0EE481B90ED060AB7EEC00A0EF0E8FD10
:1020F0009FED111B144839EE000B4FF0FF31B4EE89
:10210000C10BF1EE10FAC8BF012102681144002290
:10211000B1F5967F0160C8BF0122B1F5167F84F842
:10212000A12202DD4FF4167102E0002901DC00213A
:102130000160BDEC048BB0BD0000000000405440C5
:10214000A8200024601D0024581D002490F84C187D
:10215000012901D1002062E02DE9F043324B9FEDCF
:10216000310A9FED341A9FED392A9FED353A9FEDE4
:10217000354A9FED355A00F6B40200F6570C0020A0
:102180000FF2A8080FF2B009002693F87CE042E0B5
:102190001CF8067003EB4704002F04F1100504F14E
:1021A000240408BF03F11E0508BF03F13204BEF189
:1021B0000A0F88BF2C4692ED006A4D462488B4EE83
:1021C000C16A642C444638BF0434F1EE10FAC8BF2B
:1021D000043594ED007A042F95ED006A36EE476AD7
:1021E00007D8DFE807F003090C0E0E0036EE036A8D
:1021F00007E036EE026A04E036EE046A01E036EEED
:10220000056AB4EEC06A043286FE400AF1EE10FAA6
:10221000B8BF30460136B142BAD1BDE8F043C0B2D2
:10222000704700BF00401C467C2E002400000000C8
:1022300000007A4400409C45000000000000FA4481
:102240000000C8C2000048C30000FAC30000C84232
:1022500091ED021A90ED012A91ED010A90ED023AFA
:1022600022EE011A03EE401A82ED001A91ED000AE7
:1022700090ED023A91ED021A90ED002A23EE000A49
:1022800002EE410A82ED010A91ED011A90ED002A59
:1022900091ED000A90ED013A22EE011A03EE401A88
:1022A00082ED021A70470000014801F09DBC00BF9A
:1022B000C01A0024014801F097BC00BF0018002498
:1022C000014801F091BC00BF401B0024014801F00F
:1022D0008BBC00BF70130024014801F085BC00BF17
:1022E000F0130024014801F07FBC00BF70140024EB
:1022F000014801F079BC00BFF0140024014801F04E
:1023000073BC00BF70150024014801F06DBC00BF14
:10231000A00E0024014801F067BC00BFC0110024DA
:10232000014801F061BC00BFE0180024014801F041
:102330005BBC00BFF0150024014801F055BC00BF94
:1023400020170024014801F04FBC00BFC019002431
:10235000014801F049BC00BF401A00240000000001
:102360000168B722C4F20202914213DD40F25742E3
:10237000C4F2020291421EDC40F22742C4F2020281
:10238000914233DCB822C4F2020291424AD040F2B8
:10239000104243E05722C4F2020291421ADD872222
:1023A000C4F2020291422ADC5822C4F20202914293
:1023B00038D0702232E040F28742C4F202029142E9
:1023C00024DC40F25842C4F2020291422AD040F288
:1023D000704223E01022C4F2020291421EBF282262
:1023E000C4F2020291421DD0402217E040F228427E
:1023F000C4F20202914215D040F240420EE088221F
:10240000C4F2020291420DD0A02207E040F2A042A5
:10241000C4F20202914205D040F28842C4F20202A4
:1024200091421BD1D0F800C06FF00F0151FA8CF32C
:102430004AF6AB21CAF6AA21A3FB0112C2F302118C
:102440000CA2515CC16540F2FF312CEA01015F2B07
:1024500088BF41F00401816508467047D0F800C08C
:1024600040F2B843C4F202039942DDD02CF0FF01E0
:10247000F1E700BF0006101600061016000000006D
:1024800010B5026845F29441C5F6020145F2434396
:10249000C5F602039A420EDD45F26B43C5F6020310
:1024A0009A4217DC45F24443C5F602039A421DD016
:1024B00045F2584316E045F20843C5F602039A4236
:1024C0001EBF45F21C43C5F602039A420ED045F2E8
:1024D000304307E045F28043C5F602039A4205D037
:1024E00045F26C43C5F602039A4217D10378A3F173
:1024F00008024CF6CD43CCF6CC43A2FB03231B09C8
:1025000001F57B7201F55B7101EB830103F01F03A1
:10251000012404FA03F360300EC010BD03788A4230
:10252000E5D0A3F110014AF6AB23CAF6AA23A1FB1A
:10253000031C4FF0080E4FEA1C1140F20F44C4F286
:102540000204A2420B4688BF0EEB1C13AA34A2421F
:1025500028BF0B4640F60001C4F2020101F18002DF
:10256000D2E700000000000001790139072988BF87
:10257000704710B502684FF0010E45F6001CC5F615
:10258000020C40F60013C4F2020345F24344C5F6C0
:102590000204A2420EDD45F26B44C5F60204A242DB
:1025A00017DC45F24444C5F60204A24226D045F2A7
:1025B000584416E045F20844C5F60204A2421EBF84
:1025C00045F21C44C5F60204A24217D045F230443D
:1025D00007E045F26C44C5F60204A2420ED045F273
:1025E0008044C5F60204A24208D04AF66C34CAF20E
:1025F000FD742244B2FA82F24FEA521EBEF1000F7D
:1026000003F1400218BF634603EB8103BEF1000FE4
:1026100018BF0CF14002012404FA01F1C0E91B3299
:102620004167BDE8104070478269816AB2F5005F7A
:1026300006D06AB9022912D0012915D0D9B90EE005
:10264000032918D8DFE801F0020B021001207047BF
:1026500003293CBF012070471CBF0020704790F841
:102660002F0000F001007047C06AA0F1C070B0FAFE
:1026700080F0400970470020704700000000000013
:10268000B0B50468D0F858C040F26F4EC4F2020EE4
:10269000744516DC9F25C4F20205AC422CDC57259C
:1026A000C4F20205AC424FDC1025C4F20205AC4274
:1026B0001EBF2825C4F20205AC4200F085804025EB
:1026C0006BE045F22F45C5F60205AC4227DC40F22F
:1026D000B745C4F20205AC4242DC40F27045C4F298
:1026E0000205AC421EBF40F28845C4F20205AC426E
:1026F0006AD040F2A04550E040F22745C4F20205FE
:10270000AC423CDCA025C4F20205AC421EBFB82599
:10271000C4F20205AC4257D040F210453DE045F20C
:102720006B45C5F60205AC423CDC45F23045C5F6CA
:102730000205AC421EBF45F24445C5F60205AC4257
:1027400042D045F258453BE05825C4F20205AC4260
:102750001EBF7025C4F20205AC4235D088251CE0AE
:1027600040F2B845C4F20205AC421EBF45F208452E
:10277000C5F60205AC4227D045F21C4520E040F2E8
:102780002845C4F20205AC421EBF40F24045C4F2E7
:102790000205AC4218D040F25845C4F20205AC42E2
:1027A00012D01AE045F26C45C5F60205AC421EBFD8
:1027B00045F29445C5F60205AC4205D045F2804588
:1027C000C5F60205AC4208D1D0E919456560C46E72
:1027D000002C1CBFD0E91C4565600468744515DCFD
:1027E0009F25C4F20205AC422BDC5725C4F202053A
:1027F000AC424EDC1025C4F20205AC421EBF2825B7
:10280000C4F20205AC4271D040256BE045F22F4581
:10281000C5F60205AC4227DC40F2B745C4F202051A
:10282000AC4242DC40F27045C4F20205AC421EBF2D
:1028300040F28845C4F20205AC4257D040F2A045B0
:1028400050E040F22745C4F20205AC423CDCA02532
:10285000C4F20205AC421EBFB825C4F20205AC4268
:1028600044D040F210453DE045F26B45C5F6020507
:10287000AC4256DC45F23045C5F60205AC421EBFFF
:1028800045F24445C5F60205AC425DD045F25845D7
:1028900055E05825C4F20205AC421EBF7025C4F2B3
:1028A0000205AC4222D088251CE040F2B845C4F2B3
:1028B0000205AC421AD045F20845C5F60205AC4205
:1028C00042D045F21C453AE040F22845C4F20205E8
:1028D000AC421EBF40F24045C4F20205AC4205D0F6
:1028E00040F25845C4F20205AC4242D1C56D05F034
:1028F0001F053F2404FA05F5CCF8085005682C683C
:1029000024F480242C6005686B6003688568402D82
:102910000D4608BF15469D6008BF0A460068C260A4
:10292000B0BD45F26C45C5F60205AC421EBF45F28E
:102930008045C5F60205AC4206D045F29445C5F681
:102940000205AC4218BFB0BDC56D05F01F050124DE
:1029500004FA05F5CCF8045005686B6003688568D7
:10296000402D0D4608BF15469D6008BF0A46006809
:10297000C260B0BD6848017801B1704781B00121E3
:10298000017064490A680092009A43699A4201B052
:102990003EBF026901320261096841610021017094
:1029A000704700BF5B485C4A016892ED011AB8EEBF
:1029B000411A21EE000A0268521A01EE102AB8EEFE
:1029C000411AB4EEC10AF1EE10FAF4DC704700BF10
:1029D00080B52DED047B4F494F4A0968019101995B
:1029E00092ED010A0268891AB8EE400A019A01EED6
:1029F000101A0260B8EE411A81EE008AFFF7BAFFA2
:102A0000B0EE480ABDEC047B80BD00BF80B500F08D
:102A100049F80E490C489FED0F2A9FED0F3A91EDB2
:102A2000060A0B490088098804EE100A01EE101A04
:102A3000B8EE411AB8EE400AB8EE444A01EE020A76
:102A400004EE030A80BD00BFC0220024A00F0024B2
:102A5000BC2200246F12833ABD3786350E494FF0F1
:102A6000000C0A6842F080720A604FF47A720B49D7
:102A7000C1F804C00B6843F001030B60264B084902
:102A80004843B0FBF2F2B0FBF1F1C3E90102C3E944
:102A9000031CFFF76FBF00BFFCED00E0001000E07B
:102AA00040420F00F8B51B4800680090FFF762FF36
:102AB000194F4FF0FF31002500233869009CE0FBDF
:102AC0000145C7E90C45204629467E683246FDF798
:102AD000FFFBA0FB0623A41A01FB06324FF0000304
:102AE000954107F1200233C2B86120462946BE68ED
:102AF0003246FDF7EDFB0949FA680023088080B2F1
:102B00007043201A65F10001FDF7E2FB04490880DB
:102B1000F8BD00BF041000E0A00F0024BC22002478
:102B2000C0220024704791ED010A90ED014A91ED19
:102B3000001A90ED003A91ED022A90ED025A24EE2F
:102B4000000A03EE010A05EE020A7047C0E900120E
:102B5000704700004FF48061018041808180C18016
:102B600001498160704700BF000303000A780F2A03
:102B700040F084802DE9F041414A00234FF4806801
:102B80009380404AD3890133D3814D788A7862F3A8
:102B90000A250580A5F2DF358A78CB78ADB23A2DCB
:102BA0004FEAD20463F34A144480A4F2DF340B7971
:102BB0004F79CA78A4B24FEA830308EA872743EA29
:102BC000921242EA070686804A798F794FEA5203C9
:102BD00067F3CA13C380A3F2DF33CA7A4F7A91F83E
:102BE00007C091F808E0897A98BFA0F800803A2CD5
:102BF0009BB29CBF4FF480644480A6F2DF34A4B241
:102C00003A2C4FEA97054FEAC2029CBF4FF480640A
:102C100084803A2B4FEA81149CBF4FF48063C380B9
:102C2000490944EA0503DBB22BB1612B05D09E2B89
:102C300005D1022302E0032300E001234372114384
:102C40004FEA4E034FEADC15C9B229B1612905D01C
:102C50009E2905D1022102E0032100E001218172B9
:102C600043EA0501C9B26129BDE8F04104D09E29BB
:102C700018BF7047002100E001210172704700BFBA
:102C8000000E00240030002480B5014602480022D6
:102C9000FFF76CFF002080BD782B002492ED001A16
:102CA00092ED034A92ED012A92ED023A90ED017AFB
:102CB000B6EE000A90ED006AD0ED020AF0EE401A7E
:102CC00024EE015A43EE431A03EE025A44EE441A2C
:102CD00024EE022A27EE054AB0EE405A03EE412ABE
:102CE00006EE214A02EE204A34EE041A81ED001A63
:102CF00092ED012A92ED023A92ED034A92ED001A0A
:102D000090ED017A90ED006AD0ED020A02EE425A8F
:102D100062EE031A04EE445A41EE441A23EE043ADA
:102D200025EE074A02EE013A06EE214A03EE204A5A
:102D300034EE041A81ED011A92ED023A92ED034A43
:102D400092ED001A92ED012A90ED017A90ED006A61
:102D5000D0ED020A24EE035A61EE031A02EE420A93
:102D600002EE415A42EE041A03EE430A25EE071A18
:102D700006EE211A00EE201A31EE010A81ED020A58
:102D800070477047014802F0C3BB00BF4C230024CA
:102D9000014802F0BDBB00BFEC230024000000008E
:102DA0000168426BD1F884C04FF6FC732CEA030330
:102DB00043EA8203C1F884300168D1F88430D0F846
:102DC00038C023F47F0343EA0C43C1F88430016820
:102DD000836B1A44D1F888306FF38F0343EA820380
:102DE000C1F888300168D1F88830D0F83CC023F4AD
:102DF000FE0343EA0C43C1F888300168C36B02EB61
:102E00004302D1F8A0306FF38F0343EA8203C1F885
:102E1000A0300168D1F8A030D0F840C023F4FE0300
:102E200043EA0C43C1F8A0300168D0E910C303FBAA
:102E30000C22D1F8B0306FF38F0343EA8203C1F85C
:102E4000B0300168D1F8B030D0F848C023F4FE03A8
:102E500043EA0C43C1F8B030D0F800C0D0E91231D9
:102E600001FB0321DCF8AC206FF38F0242EA810200
:102E70000368C3F8AC20D0F800C0D0E9143202FBDC
:102E80000311DCF8F0206FF38F0242EA810203683D
:102E9000C3F8F0200268D2F8F020D0F800C0836DAB
:102EA00022F47C1242EA0342CCF8F0200268836DDF
:102EB00001EB4301D2F8C0206FF38F0242EA810197
:102EC0000268C2F8C0100168D1F8C0100268C36D72
:102ED00021F47C1141EA0341C2F8C0100168D1F825
:102EE000C0100268036E21F07C5141EA0361C2F810
:102EF000C010416B4AF60042C4F2000202EB8101AD
:102F0000C166826B01EB82010167C26B01EBC201FA
:102F10004167D0E910235A4301EB82018167D0E970
:102F200012235A4301EB8201C167D0E914235A43AB
:102F300001EB8201C0F88010826D01EBC201C0F884
:102F40008410C26D836E5A4301EB8201C0F8881071
:102F5000026E836E5A4301EB8201C0F890104DF26D
:102F6000FD32C4F2000291420BD3D0F89C1041F024
:102F70002001C0F89C10032180F898100121084618
:102F80007047C26ED0F890108A4222BF00210846D6
:102F900070474FF0000100BF42F8041BD0F890309A
:102FA0009A42F9D3084670472DE9F043D1E900CEA3
:102FB000D1E90248D1E90469D1E9065734434CEA22
:102FC000040646F08046BEF1000F08BF44EA8C4676
:102FD000846ED0F8840063430C6A40F8236000EBF1
:102FE000830047EA04632B4343EA090343EA0843A7
:102FF0004360CB68002B08BFBDE8F08300F10800F8
:103000004FF0000342F60C7CC0F6010CD758C750B5
:10301000CF681CF807700433BB42F7D3BDE8F083D8
:10302000C1898180018AC180418A0180818A418071
:10303000018B4181418B8181002101834183C0F853
:103040001210C0F80E1009F0DBBF000012498842D0
:1030500004BF104870471249884204BF0F487047A8
:103060001149884204BF0F487047114988420DD06A
:103070001149884204BF0F4870471149884207D060
:103080001249884214BF0F480F48704707487047DD
:103090000A4870471C3000244C260024F0300024DD
:1030A000E0260024C4310024742700249832002430
:1030B000082800246C3300249C2800244034002479
:1030C00030290024E835002414350024C4290024C4
:1030D0002DE9F843804634480079C0070BD13349C5
:1030E000B8F89C01C97B012918BF4FF0FF31084493
:1030F000A8F89C0101E0B8F89C0100B200214FF44F
:103100007A724FF000090CF0CAFDA8F89C019FEDFF
:10311000240B6FF007064FF49877B8F9981111FB5C
:1031200000F101EE101AB8EEC11B21EE001BB7EE44
:10313000C11B88ED621AB8F99A1110FB01F001EE7B
:10314000100AB8EEC11B21EE000BB7EEC00BB1EEBA
:10315000400A88ED630A1EE008EB090508EB060447
:1031600008EB0700B5F9A21094ED640A01EE101AFD
:10317000F8EEC10AFEF74EFA014605F1980000EE9E
:10318000101AB8EEC00A84ED660A09F0D5FD2C3796
:1031900009F14C090436002EDED1BDE8F88300BFEA
:1031A000FCA9F1D24D62503FE00F0024782B00249F
:1031B000A0B180B5DFF82CC00BE010F801EBD3B262
:1031C00002F47F42013983EA0E033CF8133083EAAC
:1031D00012220029F1D1BDE8804001E04FF6FF72D4
:1031E00090B270471C2F01082DE9F04381B00446CE
:1031F00002F0BEFE0546002C02BF012001B0BDE872
:10320000F08394F8350002281ED1206840F2B848B7
:10321000C4F2020840F2B709C4F20209484517DDBA
:1032200040F25741C4F20201884222DC40F22741B9
:10323000C4F20201884237DCB821C4F2020188429C
:103240004FD040F2104147E08020606501208AE2C3
:103250005721C4F2020188421ADD8721C4F202011B
:1032600088422ADC5821C4F20201884239D07021F8
:1032700032E040F28741C4F20201884224DC40F28D
:103280005841C4F2020188422BD040F2704123E041
:103290001021C4F2020188421EBF2821C4F202019B
:1032A00088421ED0402117E040F22841C4F20201BA
:1032B000884216D040F240410EE08821C4F202015B
:1032C00088420ED0A02107E040F2A041C4F20201E2
:1032D000884206D040F28841C4F20201884240F0A0
:1032E000EB8121680A6822F01E00086020684169AD
:1032F00021F0800141612768206840F26F46C4F2E6
:103300000206B04216DC9F21C4F2020188422CDC86
:103310005721C4F2020188424FDC1021C4F202019D
:1033200088421EBF2821C4F20201884200F0818039
:10333000402167E045F22F41C5F60201884227DCB3
:1033400040F2B741C4F20201884242DC40F27041CF
:10335000C4F2020188421EBF40F28841C4F2020159
:10336000884266D040F2A0414CE040F22741C4F2CE
:103370000201884238DCA021C4F2020188421EBF4B
:10338000B821C4F20201884253D040F2104139E022
:1033900045F26B41C5F60201884238DC45F2304106
:1033A000C5F6020188421EBF45F24441C5F602013E
:1033B00088423ED045F2584137E05821C4F202011C
:1033C00088421EBF7021C4F20201884231D0882198
:1033D00018E040451EBF45F20841C5F6020188428B
:1033E00027D045F21C4120E040F22841C4F20201FE
:1033F00088421EBF40F24041C4F20201884218D008
:1034000040F25841C4F20201884212D016E045F25F
:103410006C41C5F6020188421EBF45F29441C5F6D3
:103420000201884205D045F28041C5F6020188427A
:1034300004D1206E016821F480710160206840F29F
:103440000F41C4F20201884210DC6F21C4F2020174
:1034500088421CDC3F21C4F20201884232DC102188
:10346000C4F2020188424ED0282146E0B0421ADC64
:1034700040F23F41C4F2020188422ADC40F210418E
:10348000C4F2020188423ED040F2284135E09F213B
:10349000C4F20201884225DC7021C4F20201884294
:1034A00031D0882129E040F29F41C4F202018842D4
:1034B0001FDC40F27041C4F20201884223D040F286
:1034C00088411AE04021C4F2020188421BD05821F1
:1034D00013E040F24041C4F20201884213D040F2AE
:1034E00058410AE0A021C4F2020188420BD0B82161
:1034F00003E0404507D040F2A041C4F202018842F7
:1035000008BF206800E02068016821F00101016027
:10351000386810F0010F0BD002F02AFD401B06287E
:10352000F6D320206065032084F8350001201AE1DD
:103530002068484513DD40F25741C4F20201884239
:103540001EDC40F22741C4F20201884233DCB8217C
:10355000C4F2020188424BD040F2104143E05721AF
:10356000C4F2020188421ADD8721C4F202018842B6
:103570002ADC5821C4F20201884239D0702132E09D
:1035800040F28741C4F20201884224DC40F25841F3
:10359000C4F2020188422BD040F2704123E0102196
:1035A000C4F2020188421EBF2821C4F202018842EF
:1035B0001ED0402117E040F22841C4F202018842A7
:1035C00016D040F240410EE08821C4F20201884248
:1035D0000ED0A02107E040F2A041C4F202018842CF
:1035E00006D040F28841C4F20201884240F0C18016
:1035F000D4E9161000F01F023F2090408860206838
:10360000B04216DC9F21C4F2020188422CDC572113
:10361000C4F20201884258DC1021C4F2020188423F
:103620001EBF2821C4F20201884200F08A80402196
:1036300070E045F22F41C5F60201884227DC40F2D6
:10364000B741C4F2020188424BDC40F27041C4F23F
:10365000020188421EBF40F28841C4F20201884242
:103660006FD040F2A04155E040F22741C4F2020180
:10367000884241DCA021C4F2020188421EBFB82169
:10368000C4F2020188425CD040F2104142E045F2AF
:103690006B41C5F60201884241DC45F23041C5F676
:1036A000020188421EBF45F24441C5F6020188422C
:1036B00047D045F2584140E021680A6840453FF450
:1036C00012AE22F00E00086015E65821C4F2020185
:1036D00088421EBF7021C4F20201884231D0882185
:1036E00018E040451EBF45F20841C5F60201884278
:1036F00027D045F21C4120E040F22841C4F20201EB
:1037000088421EBF40F24041C4F20201884218D0F4
:1037100040F25841C4F20201884212D01FE045F243
:103720006C41C5F6020188421EBF45F29441C5F6C0
:103730000201884205D045F28041C5F60201884267
:103740000DD1D4E919014160E06E00281FBF016866
:1037500021F480710160D4E91C0118BF416001208F
:1037600084F835000020002184F8341001B0BDE851
:10377000F083D4E9161202F01F0240453FF43CAF3B
:103780000120904048603AE7E8B190F835100229EE
:1037900017D1016840F20F42C4F20202914215DCD7
:1037A0006F23C4F20203994225DC3F23C4F20203D3
:1037B00099423BDC1023C4F20203994259D02823DA
:1037C00053E08021416501210846704740F26F4374
:1037D000C4F2020399421ADC40F23F43C4F20203EE
:1037E00099422ADC40F21043C4F20203994240D0CD
:1037F00040F2284339E09F23C4F20203994225DCBA
:103800007023C4F20203994233D088232DE040F2A2
:103810009F43C4F2020399421FDC40F27043C4F29A
:103820000203994225D040F288431EE04023C4F2AF
:10383000020399421DD0582317E040F24043C4F2DE
:103840000203994215D040F258430EE0A023C4F27F
:10385000020399420DD0B82307E040F2B843C4F206
:103860000203994205D040F2A043C4F202039942F8
:1038700071D1042180F835100168914210DC6F226B
:10388000C4F20202914220DC3F22C4F202029142C1
:1038900036DC1022C4F20202914254D028224EE0BB
:1038A00040F26F42C4F2020291421ADC40F23F42FF
:1038B000C4F2020291422ADC40F21042C4F2020237
:1038C000914240D040F2284239E09F22C4F20202E5
:1038D000914225DC7022C4F20202914233D0882248
:1038E0002DE040F29F42C4F2020291421FDC40F2FE
:1038F0007042C4F20202914225D040F288421EE09A
:103900004022C4F2020291421DD0582217E040F238
:103910004042C4F20202914215D040F258420EE0F9
:10392000A022C4F2020291420DD0B82207E040F278
:10393000B842C4F20202914205D040F2A042C4F261
:103940000202914220D10068016821F0010101606A
:1039500000210846704701680B6823F00E030B60D6
:103960000168914215DC6F22C4F20202914225DC0B
:103970003F22C4F2020291423BDC1022C4F2020256
:1039800091425BD0282253E0086820F001000860D3
:10399000DEE740F26F42C4F2020291421ADC40F2CA
:1039A0003F42C4F2020291422ADC40F21042C4F2C9
:1039B0000202914242D040F2284239E09F22C4F2F2
:1039C0000202914225DC7022C4F20202914235D0FB
:1039D00088222DE040F29F42C4F2020291421FDC95
:1039E00040F27042C4F20202914227D040F2884273
:1039F0001EE04022C4F2020291421FD0582217E07A
:103A000040F24042C4F20202914217D040F25842C2
:103A10000EE0A022C4F2020291420FD0B82207E0C9
:103A200040F2B842C4F20202914207D040F2A042F2
:103A3000C4F20202914208BF016800E001680A680E
:103A400022F001020A60016840F26F42C4F20202F1
:103A5000914216DC9F22C4F2020291422CDC5722D2
:103A6000C4F2020291424FDC1022C4F202029142DF
:103A70001EBF2822C4F20202914200F0858040223B
:103A80006BE045F22F42C5F60202914227DC40F27C
:103A9000B742C4F20202914242DC40F27042C4F2E8
:103AA000020291421EBF40F28842C4F202029142D9
:103AB0006AD040F2A04250E040F22742C4F2020233
:103AC00091423CDCA022C4F2020291421EBFB82205
:103AD000C4F20202914257D040F210423DE045F25A
:103AE0006B42C5F6020291423CDC45F23042C5F61B
:103AF000020291421EBF45F24442C5F602029142C3
:103B000042D045F258423BE05822C4F202029142B0
:103B10001EBF7022C4F20202914235D088221CE0FE
:103B200040F2B842C4F2020291421EBF45F208427E
:103B3000C5F60202914227D045F21C4220E040F235
:103B40002842C4F2020291421EBF40F24042C4F237
:103B50000202914218D040F25842C4F2020291424D
:103B600012D02CE045F26C42C5F6020291421EBF13
:103B700045F29442C5F60202914205D045F28042D8
:103B8000C5F6020291421AD1016E0A6822F48072CF
:103B90000A60D0E9161202F01F02012303FA02F2B2
:103BA0004A60D0E919124A60C16E00291FBF0A6835
:103BB00022F480720A60D0E91C1218BF4A60012109
:103BC00080F83510002180F83410026D22B180B5E4
:103BD00090470021BDE88040084670470000000083
:103BE000406D7047000000002DE9F04182B00446AE
:103BF0000020019040F20C00C2F20040006848F240
:103C0000B511C1F64E31A0FB0108A56D2E682968DB
:103C1000206840F26F47C4F20207B84215DC9F21CA
:103C2000C4F2020188422BDC5721C4F2020188420F
:103C30004EDC1021C4F2020188421EBF2821C4F2CA
:103C40000201884272D040216BE045F22F42C5F656
:103C50000202904227DC40F2B742C4F202029042D4
:103C600042DC40F27041C4F2020188421EBF40F2C1
:103C70008841C4F20201884258D040F2A04150E08D
:103C800040F22741C4F2020188423CDCA021C4F288
:103C9000020188421EBFB821C4F20201884245D009
:103CA00040F210413DE045F26B42C5F602029042FF
:103CB00074DC45F23042C5F6020290421EBF45F266
:103CC0004442C5F6020290427BD045F2584273E06E
:103CD0005821C4F2020188421EBF7021C4F20201C1
:103CE000884223D088211CE040F2B842C4F202028C
:103CF00090421BD045F20842C5F60202904260D0C5
:103D000045F21C4258E040F22841C4F202018842C8
:103D10001EBF40F24041C4F20201884206D040F288
:103D20005841C4F20201884240F0D283E06D00F0B5
:103D30001F00082101FA00F0304200F01E812068C7
:103D400040F20F41C4F20201884213DC6F21C4F239
:103D50000201884200F390803F21C4F202018842B0
:103D600000F3D2801021C4F20201884200F0F080FA
:103D70002821E8E0B84200F38B8040F23F41C4F2D2
:103D80000201884200F3C78040F21041C4F20201F0
:103D9000884200F0DD8040F22841D4E045F26C42D8
:103DA000C5F6020290421EBF45F28042C5F60202ED
:103DB000904206D045F29442C5F60202904240F08D
:103DC000878320680068E26D02F01F0210F0040F84
:103DD0001EBF0423934013EA01062AD1830766D548
:103DE0000223934013EA010661D06B60010400F1E5
:103DF0006983800600F1E984206840F20F41C4F233
:103E00000201884200F316846F21C4F20201884245
:103E100000F391843F21C4F20201884200F3A6849A
:103E20001021C4F20201884200F0C384282100F06E
:103E3000BCBC6B6001045FD4800600F15084206834
:103E400040F20F41C4F20201884200F398836F21CF
:103E5000C4F20201884200F3B6833F21C4F202019A
:103E6000884200F3FB831021C4F20201884200F073
:103E70003084282100F028BC9F21C4F2020188422E
:103E800052DC7021C4F20201884261D088215AE0DC
:103E900040F29F41C4F2020188424CDC40F2704182
:103EA000C4F20201884253D040F288414BE000073F
:103EB00040F10E8308209040084000F009832068FC
:103EC00040F20F41C4F20201884200F36A836F217D
:103ED000C4F20201884200F382833F21C4F202014E
:103EE000884200F3C2831021C4F20201884200F02C
:103EF0000784282100F000BCC0034CBF216CA16CDA
:103F0000002940F03783E3E24021C4F202018842F5
:103F10001ED0582117E040F24041C4F2020188420D
:103F200016D040F258410EE0A021C4F202018842AE
:103F30000ED0B82107E040F2B841C4F20201884235
:103F400006D040F2A041C4F20201884240F0C38290
:103F500020680421006808420FD02068016821F021
:103F600004010160E06D00F01F00082101FA00F07B
:103F7000A860606D40F001006065E06D00F01F001A
:103F8000012101FA00F0304278D0206840F20F4160
:103F9000C4F20201884210DC6F21C4F2020188429F
:103FA0001CDC3F21C4F20201884232DC1021C4F241
:103FB0000201884251D028214AE0B8421ADC40F27E
:103FC0003F41C4F2020188422ADC40F21041C4F2AF
:103FD0000201884241D040F2284139E09F21C4F2D9
:103FE0000201884225DC7021C4F20201884234D0EB
:103FF00088212DE040F29F41C4F2020188421FDC7B
:1040000040F27041C4F20201884226D040F2884159
:104010001EE04021C4F2020188421ED0582117E060
:1040200040F24041C4F20201884216D040F25841A9
:104030000EE0A021C4F2020188420ED0B82107E0B0
:1040400040F2B841C4F20201884206D040F2A041D9
:10405000C4F20201884240F040822068143080217E
:10406000006808420AD0E06D00F01F00012101FA4B
:1040700000F0A860606D40F002006065E06D00F047
:104080001F00042101FA00F0304277D0206840F28E
:104090000F41C4F20201884210DC6F21C4F2020118
:1040A00088421CDC3F21C4F20201884232DC10212C
:1040B000C4F20201884251D028214AE0B8421ADCF9
:1040C00040F23F41C4F2020188422ADC40F2104132
:1040D000C4F20201884241D040F2284139E09F21D8
:1040E000C4F20201884225DC7021C4F20201884238
:1040F00034D088212DE040F29F41C4F20201884271
:104100001FDC40F27041C4F20201884226D040F226
:1041100088411EE04021C4F2020188421ED058218D
:1041200017E040F24041C4F20201884216D040F24A
:1041300058410EE0A021C4F2020188420ED0B821FD
:1041400007E040F2B841C4F20201884206D040F2D2
:10415000A041C4F20201884240F0C18120680221DE
:10416000006808420AD0E06D00F01F00042101FA47
:1041700000F0A860606D40F004006065E06D00F044
:104180001F00102101FA00F0304200F08B802068FF
:1041900040F20F41C4F20201884210DC6F21C4F2E8
:1041A000020188421CDC3F21C4F20201884232DC59
:1041B0001021C4F20201884251D028214AE0B842BD
:1041C0001ADC40F23F41C4F2020188422ADC40F28C
:1041D0001041C4F20201884241D040F2284139E046
:1041E0009F21C4F20201884225DC7021C4F2020141
:1041F000884234D088212DE040F29F41C4F2020170
:1042000088421FDC40F27041C4F20201884226D08D
:1042100040F288411EE04021C4F2020188421ED0D3
:10422000582117E040F24041C4F20201884216D002
:1042300040F258410EE0A021C4F2020188420ED0A3
:10424000B82107E040F2B841C4F20201884206D02A
:1042500040F2A041C4F20201884240F0428120684D
:104260000821006808421DD0E06D00F01F001021F9
:1042700001FA00F0A86020680168006811F4802F3E
:1042800007D1C0055FBF2068016821F00801016007
:1042900001E0000301D4216C00E0A16C00291CBFE7
:1042A00020468847E06D00F01F00202101FA00F051
:1042B000304200F0B880206840F20F41C4F20201A1
:1042C000884210DC6F21C4F2020188421CDC3F21CD
:1042D000C4F20201884232DC1021C4F20201884299
:1042E00051D028214AE0B8421ADC40F23F41C4F2E2
:1042F000020188422ADC40F21041C4F202018842E5
:1043000041D040F2284139E09F21C4F202018842A5
:1043100025DC7021C4F20201884234D088212DE0CE
:1043200040F29F41C4F2020188421FDC40F270411A
:10433000C4F20201884226D040F288411EE04021AA
:10434000C4F2020188421ED0582117E040F24041D9
:10435000C4F20201884216D040F258410EE0A0217A
:10436000C4F2020188420ED0B82107E040F2B84101
:10437000C4F20201884206D040F2A041C4F2020118
:10438000884240F0B08020681021006808424AD07E
:10439000E06D00F01F00202101FA00F0A86094F801
:1043A000352021680868042A22D120F01600086010
:1043B0002068416921F080014161206C08B9A06C3E
:1043C00020B12068016821F008010160E06D00F073
:1043D0001F003F2101FA00F0A860012084F8350099
:1043E000002084F83400216D002940F0C3806FE084
:1043F0002168096840030DD4C8050FD420680168FE
:1044000021F010010160012084F83500002084F8BB
:10441000340003E0080301D4616C00E0E16B002983
:104420001CBF20468847606D002851D0606D10F099
:10443000010F00F09C80042084F83500206840F2D1
:104440000F41C4F20201884210DC6F21C4F2020164
:1044500088421CDC3F21C4F20201884245DC102165
:10446000C4F20201884265D028215DE0B8421ADC1E
:1044700040F23F41C4F2020188423DDC40F210416B
:10448000C4F20201884255D040F228414CE09F21FD
:10449000C4F20201884238DC7021C4F20201884271
:1044A00048D0882140E040F29F41C4F20201884296
:1044B00032DC40F27041C4F2020188423AD040F24C
:1044C000884131E0C00354BF616CE16B002951D1D8
:1044D00002B0BDE8F08108213CE50021C0E50021E3
:1044E0003EE60421BDE602214FE74021C4F202016D
:1044F00088421FD0582117E040F24041C4F2020127
:10450000884217D040F258410EE0A021C4F20201C7
:1045100088420FD0B82107E040F2B841C4F202014E
:10452000884207D040F2A041C4F20201884208BF8D
:10453000206800E020684FEA9821026822F001021A
:10454000026000BF0198421C019220688A4203D891
:10455000026812F0010FF5D1006800F0010001219E
:1045600041EA400084F83500002084F83400E16C12
:104570000029ADD02046884702B0BDE8F081B8429E
:104580003ADC40F23F41C4F20201884274DC40F25E
:104590001041C4F20201884200F09B8040F22841A1
:1045A00092E0B84237DC40F23F41C4F20201884257
:1045B0006BDC40F21041C4F20201884200F0A0809E
:1045C00040F2284198E09F21C4F20201884265DC54
:1045D0007021C4F2020188427BD0882174E09F21BF
:1045E000C4F20201884260DC7021C4F202018842F8
:1045F00000F0868088217FE040F29F41C4F20201F2
:10460000884259DC40F27041C4F20201884260D015
:1046100040F2884158E040F29F41C4F202018842D2
:1046200062DC40F27041C4F20201884268D040F27C
:10463000884161E0B84200F38A8040F23F41C4F211
:104640000201884200F3998040F21041C4F2020155
:10465000884200F0AE8040F22841A6E04021C4F23A
:104660000201884235D058212EE04021C4F20201D7
:10467000884245D058213FE040F24041C4F2020157
:10468000884226D040F258411EE040F24041C4F238
:104690000201884234D040F258412DE0A021C4F2FA
:1046A0000201884215D0B8210EE0A021C4F2020117
:1046B000884225D0B8211FE040F2B841C4F202017F
:1046C000884206D040F2A041C4F20201884240F084
:1046D000818020686FF00801026811400160216C40
:1046E00000297FF447AFF3E640F2B841C4F202017B
:1046F000884205D040F2A041C4F2020188426CD148
:1047000020686FF01C01026811400160E06D00F04C
:104710001F00012101FA00F06860616584F835101E
:10472000002084F83400E16C00291CBF2046884733
:1047300002B0BDE8F0819F21C4F20201884225DC6D
:104740007021C4F20201884233D088212DE040F26A
:104750009F41C4F2020188421FDC40F27041C4F262
:104760000201884225D040F288411EE04021C4F277
:10477000020188421DD0582117E040F24041C4F2A6
:104780000201884215D040F258410EE0A021C4F247
:10479000020188420DD0B82107E040F2B841C4F2CE
:1047A0000201884205D040F2A041C4F202018842D1
:1047B00016D120686FF014010268114001600120D9
:1047C00084F83500002084F83400E16B00297FF480
:1047D000D1AE7DE66FF004017EE76FF00E0192E747
:1047E0006FF00A01E8E700002DE9F04381B00446CC
:1047F00001F0BEFB0546002C00F07381206840F2FA
:104800006F48C4F20208404515DC9F21C4F2020142
:1048100088422BDC5721C4F20201884250DC10216F
:10482000C4F2020188421EBF2821C4F2020188425C
:1048300074D040216DE045F22F41C5F60201884257
:1048400027DC40F2B741C4F20201884244DC40F266
:104850007041C4F2020188421EBF40F28841C4F296
:10486000020188425AD040F2A04152E040F2274172
:10487000C4F2020188423EDCA021C4F20201884257
:104880001EBFB821C4F20201884247D040F2104155
:104890003FE045F26B41C5F60201884200F38F808C
:1048A00045F23041C5F6020188421EBF45F244413F
:1048B000C5F60201884200F0958045F258418CE02F
:1048C0005821C4F2020188421EBF7021C4F20201C5
:1048D000884223D088211CE040F2B841C4F2020192
:1048E00088421BD045F20841C5F60201884279D0C2
:1048F00045F21C4171E040F22841C4F202018842B5
:104900001EBF40F24041C4F20201884206D040F28C
:104910005841C4F20201884240F01482022084F817
:104920003500002084F83400206840F20F41C4F2C2
:104930000201884212DC6F21C4F20201884220DCAD
:104940003F21C4F20201884200F391801021C4F299
:104950000201884200F0B0802821A7E040451EDC1B
:1049600040F23F41C4F20201884200F3878040F2E6
:104970001041C4F20201884200F09E8040F22841BA
:1049800094E09F21C4F20201884200F380807021EC
:10499000C4F20201884200F08F80882186E040F254
:1049A0009F41C4F20201884278DC40F27041C4F2B7
:1049B0000201884200F0808040F2884176E045F2B2
:1049C0006C41C5F6020188421EBF45F28041C5F622
:1049D0000201884206D045F29441C5F602018842A0
:1049E00040F0B081022084F83500002084F83400C3
:1049F00021680A68D4E90237D4E90465D4E906CE0F
:104A0000D4F820906FF3101242EAD702802B08BF2F
:104A10004FF48040402B08BF1020104340EAD600DE
:104A200040EAD50040EADC0040EADE0040EA191026
:104A3000086020684AF6F831CAF2FD7108444CF665
:104A4000CD41CCF6CC41A0FB01014FF6FC70C3F682
:104A5000FF7000EA9100E0652046FDF781FCE16D02
:104A600001F01F01012202FA01F14160A4E040219E
:104A7000C4F2020188421FD0582117E040F24041A1
:104A8000C4F20201884217D040F258410EE0A02142
:104A9000C4F2020188420FD0B82107E040F2B841C9
:104AA000C4F20201884207D040F2A041C4F20201E0
:104AB000884208BF206800E02068016821F00101F9
:104AC000016000BF2068016811F0010F0DD001F0F6
:104AD0004FFA401B0628F5D320206065032084F898
:104AE0003500012001B0BDE8F083006848F23F01C5
:104AF000CFF6106100EA010C04F10807EECFD4E90B
:104B0000080E41EA0C01114319432943314339434B
:104B10000843BEF1040F02BFD4E90B12084310434F
:104B200041F20001C5F600410968B1F1005F1CD3F4
:104B300061682939292918D8DFE801F015151515FC
:104B400015151717171717171717171717171717F9
:104B500017171515151517171717151517171717F1
:104B600017171515151540F4801021680860206886
:104B70004069616A20F0070040EA010504290FD16D
:104B8000D4E90A01054359B12046FDF74DFD38B17E
:104B900040206065012084F8350001B0BDE8F08355
:104BA000206845612046FDF7DBFBE16D01F01F0148
:104BB0003F2202FA01F181602068404516DC9F2106
:104BC000C4F2020188422CDC5721C4F2020188425F
:104BD0004FDC1021C4F2020188421EBF2821C4F21A
:104BE0000201884200F0858040216BE045F22F41B0
:104BF000C5F60201884227DC40F2B741C4F2020147
:104C0000884242DC40F27041C4F2020188421EBF79
:104C100040F28841C4F2020188426AD040F2A041C9
:104C200050E040F22741C4F2020188423CDCA0215E
:104C3000C4F2020188421EBFB821C4F202018842B8
:104C400057D040F210413DE045F26B41C5F60201FC
:104C500088423CDC45F23041C5F6020188421EBF65
:104C600045F24441C5F60201884242D045F258411E
:104C70003BE05821C4F2020188421EBF7021C4F2F9
:104C80000201884235D088211CE040F2B841C4F2CC
:104C9000020188421EBF45F20841C5F60201884262
:104CA00027D045F21C4120E040F22841C4F2020125
:104CB00088421EBF40F24041C4F20201884218D02F
:104CC00040F25841C4F20201884212D032E045F26B
:104CD0006C41C5F6020188421EBF45F29441C5F6FB
:104CE0000201884205D045F28041C5F602018842A2
:104CF00020D12046FDF7C4FBA068802804BF002017
:104D00006060206E21790160D4E91901416060681A
:104D1000A0F10100072809D82046FDF725FCE06E28
:104D200000210160D4E91C01416003E00020C4E9D6
:104D30001B00606700206065012184F8351001B018
:104D4000BDE8F0834020C8E670B504468CB394F803
:104D50003400012802BF0220C0B270BD4FF0010034
:104D600084F8340094F8350001281CD1022084F81E
:104D7000350000206065206840F20F46C4F202064C
:104D8000B04219DC6F25C4F20205A84229DC3F2598
:104D9000C4F20205A8423FDC1025C4F20205A84275
:104DA0005FD0282557E04FF400606065002084F84C
:104DB00034000120C0B270BD40F26F45C4F202055C
:104DC000A8421ADC40F23F45C4F20205A8422ADCA0
:104DD00040F21045C4F20205A84242D040F22845F4
:104DE00039E09F25C4F20205A84225DC7025C4F2F3
:104DF0000205A84235D088252DE040F29F45C4F237
:104E00000205A8421FDC40F27045C4F20205A84228
:104E100027D040F288451EE04025C4F20205A84292
:104E20001FD0582517E040F24045C4F20205A842C1
:104E300017D040F258450EE0A025C4F20205A84262
:104E40000FD0B82507E040F2B845C4F20205A842E9
:104E500007D040F2A045C4F20205A84208BF20686E
:104E600000E02068056825F0010505602046FDF793
:104E700007FC2068B721C4F20201884213DD40F22A
:104E80005741C4F2020188421EDC40F22741C4F2BD
:104E90000201884233DCB821C4F2020188424BD0BF
:104EA00040F2104143E05721C4F2020188421ADD6A
:104EB0008721C4F2020188422ADC5821C4F202018F
:104EC000884239D0702132E040F28741C4F20201B9
:104ED000884224DC40F25841C4F2020188422BD0BF
:104EE00040F2704123E01021C4F2020188421EBF4B
:104EF0002821C4F2020188421ED0402117E040F26E
:104F00002841C4F20201884216D040F240410EE02E
:104F10008821C4F2020188420ED0A02107E040F2AD
:104F2000A041C4F20201884206D040F28841C4F296
:104F30000201884240F02981226811680B2060F349
:104F400044011160206C20B12068016841F0080123
:104F50000160216840F26F40C4F20200814216DC19
:104F60009F22C4F2020291422CDC5722C4F20202B8
:104F700091424FDC1022C4F2020291421EBF28224D
:104F8000C4F20202914200F0858040226BE045F2BB
:104F90002F42C5F60202914227DC40F2B742C4F22A
:104FA0000202914242DC40F27042C4F2020291429B
:104FB0001EBF40F28842C4F2020291426AD040F21F
:104FC000A04250E040F22742C4F2020291423CDC8F
:104FD000A022C4F2020291421EBFB822C4F2020211
:104FE000914257D040F210423DE045F26B42C5F687
:104FF000020291423CDC45F23042C5F60202914287
:105000001EBF45F24442C5F60202914242D045F22B
:1050100058423BE05822C4F2020291421EBF702265
:10502000C4F20202914235D088221CE040F2B8421C
:10503000C4F2020291421EBF45F20842C5F60202C6
:10504000914227D045F21C4220E040F22842C4F2AF
:10505000020291421EBF40F24042C4F2020291425B
:1050600018D040F25842C4F20202914212D021E01C
:1050700045F26C42C5F6020291421EBF45F29442CF
:10508000C5F60202914205D045F28042C5F6020201
:1050900091420FD1216E0A6812F4803F1EBF0A6848
:1050A00042F480720A60E16E00291EBF0A6842F471
:1050B00080720A602168B14210DC6F20C4F20200E5
:1050C00081421CDC3F20C4F20200814232DC10200D
:1050D000C4F20200814250D028204AE081421ADC0A
:1050E00040F23F40C4F2020081422ADC40F210400C
:1050F000C4F20200814240D040F2284039E09F20B3
:10510000C4F20200814225DC7020C4F20200814218
:1051100033D088202DE040F29F40C4F2020081424B
:105120001FDC40F27040C4F20200814225D040F200
:1051300088401EE04020C4F2020081421DD0582069
:1051400017E040F24040C4F20200814215D040F224
:1051500058400EE0A020C4F2020081420DD0B820D9
:1051600007E040F2B840C4F20200814205D040F2AC
:10517000A040C4F2020081421ED12068016841F0C3
:10518000010101600020C0B270BD2268116840F2C8
:10519000B843C4F2020398423FF4D0AE052060F356
:1051A000430120680160206C00283FF4D2AE2068E3
:1051B000016841F00401CBE6086840F00100086096
:1051C000E0E700000000000090F89830013BDBB2FF
:1051D000012B18D8D0F800C0DCF858300B4217D09B
:1051E00080B5D0F800E0DEF858300B408B4206BFA7
:1051F000DEF85C3043F0020C4FF0030CCEF85CC0DC
:10520000BDE880400AE000F19C01012002222AE072
:10521000DCF85C3043F00103CCF85C308B0541BF17
:10522000D0F800C0DCF8E0301343CCF8E0304B0598
:1052300041BFD0F800C0DCF8E4301A43CCF8E420D9
:105240004FF6FF72C3F6CF7202EA01020068436DA7
:1052500042EA030242654FEA91724FF000004AF6BB
:105260001401C4F200010B681A430A607047000081
:10527000B0B5044694F8980002281BD12068D0F8F5
:10528000C03013F07C5F1AD0D0F8C43013F4001F84
:105290001AD1D0F8C400C0F3044520462B46FDF7D0
:1052A00083FE0120A8402168C1F8D000C4F8940012
:1052B0000020B0BDD4F89C0040F0080008E0D4F80D
:1052C0009C0040F0200003E0D4F89C0040F4007003
:1052D000C4F89C000120B0BD704700000000000031
:1052E00090F89820013AD2B2012A09D80A68D1E987
:1052F000033C6AB14CEA4372072B15D18B6918E065
:10530000D0F89C1041F00201C0F89C1001207047B9
:1053100080B54FEA0C4C072B14D101F1180ECA6965
:1053200013024FF0605212E0D1F808C04B6943EA13
:105330008C734968006F40F8312000EBC100436076
:105340000020704701F1140EDA068B689B0742EAD1
:105350000C021A43DEF800301A434968C06E40F868
:105360002120002080BD00007047000000000000E8
:10537000704700000000000070B590F89850022DB2
:1053800022D1402925D10468D4F8A05015F4FE0F8D
:1053900000F0A280D4F8A45015F07F0F00F0AA808E
:1053A000D4F8A45015F0807F1ABFD4F8A050ED0FA8
:1053B0000025D4F8A440C4F3052404EB050E00F145
:1053C0007404456CF44630E0D0F89C1041F00801BC
:1053D00094E041291FD10468D4F8B05015F4FE0FB1
:1053E0007AD0D4F8B45015F07F0F00F08380D4F851
:1053F000B45015F0807F1ABFD4F8B050ED0F0025DF
:10540000D4F8B440C4F3052404EB050E00F178048D
:10541000C56CF44609E0056D8D425DD900F17C0450
:10542000D0F854E04FF0000C0D4605FB0EFE24684A
:1054300054F82E5015F08045556054F82E50C5F3A1
:105440008A4618BF25F06046166054F82E5005F0C5
:105450000055956054F82E5005F00045156104EB99
:105460008E05AE88D661EE8806F00F06D6606E68AF
:1054700006F4801656616E6806F400169661EE79A1
:1054800006F07F0616626E68F60F5662D6686EB139
:105490000835002442F60C7EC0F6010E2E5D1E5526
:1054A000D6681EF806600134B442F7D3006840297C
:1054B00002BFC0F8A8C0002070BD412902BFC0F8DB
:1054C000B8C0002070BD1F290BD8012202FA01F1DB
:1054D000C0F89810002070BDD0F89C1041F0200159
:1054E0000CE001F01F01012202FA01F1C0F89C104A
:1054F000002070BDD0F89C1041F48071C0F89C1061
:10550000012070BD00000000704700000000000096
:105510002DE9F04F87B004464AF61007C4F20007A1
:1055200039684AF61400C4F2000002682068056D6C
:10553000D0F85490036D0093D0F85480036D02931B
:10554000436D0193036D0693436D0593036D0493BF
:10555000436D0393436D066D03EA060B5FEACB537D
:1055600002EA010A07D54FF4807101650020386016
:105570002046FFF7C9FF05EA09064FEA8A755FEA88
:105580004B50B9460ED52068D0F8DC10D0F8E42096
:105590004FF4806303650020C9F8000011402046E5
:1055A00000F05EFB009808EA000806F4704655B16A
:1055B0002068002101650AF00300C9F800002046B8
:1055C0002946FFF789FEDDE9011000EA010708F02E
:1055D0000F0546B1206806650020C9F80000204686
:1055E000314600F045FB07F0F00645B1206805653F
:1055F0000020C9F800002046294600F0CBFA46B149
:10560000206806650020C9F800002046314600F0F9
:10561000EFFA5FEA0B5009D520684FF4006101658D
:105620000020C9F80000204600F026FB5FEA8B50FE
:105630000ED52068D0F8D810D0F8E0204FF40073D1
:1056400003650020C9F800001140204600F00CFB63
:105650005FEA0B3009D520684FF400210165002076
:10566000C9F80000204600F093FA5FEACB3009D574
:1056700020684FF4803101650020C9F80000204601
:1056800000F0EAFADDE9031000EA01055FEA4B30B9
:1056900009D520684FF4802101650020C9F8000079
:1056A000204600F0D5FADDE90510084005F06071EC
:1056B0005FEA8B320CD522684FF400331365002269
:1056C000C9F80020D4F89C2042F08002C4F89C2045
:1056D00000F0715539B1206801650020C9F800005B
:1056E0002046FFF745FE4DB1206805650020C9F84A
:1056F0000000D4F89C002843C4F89C002068A9F559
:105700000161884263D16068816811F0030F5ED047
:10571000016A426A114011F00F01026A436A02EA0B
:10572000030202F03005066AD0F82490026A04925F
:10573000D0F824B0026A0692426A0592D0F824801A
:10574000D0F820A003D00162204600F075FA06EAE6
:1057500009072DB1606805622046294600F074FAF9
:10576000049800EA0B0607F4C07508EA0A00400630
:105770000AD56068C16BC26B40230362090C02F05A
:105780003F02204600F05CFADDE9051000EA01075F
:1057900006F4FC462DB1606805622046294600F0FB
:1057A00047FA07F4F020002E1FBF61680E62D4F89C
:1057B0009C10314318BFC4F89C1000281FBF6168BB
:1057C0000862D4F89C10084318BFC4F89C00D4F8B1
:1057D0009C00002804BF07B0BDE8F08F204607B04A
:1057E000BDE8F04FFFF7C0BD2DE9F041044674B3AA
:1057F00020684AF20008C4F20008404504BF00F5E2
:105800008070606094F8980028B9002084F89900AE
:10581000204600F025F92068816921F0100181619E
:1058200000F0A6FB054600BF2068816911F0080F53
:1058300010D000F09DFB401B0B28F5D3D4F89C0042
:1058400040F00100C4F89C00032084F89800012077
:10585000BDE8F081816941F00101816100F088FBC0
:10586000054600BF2068816911F0010F10D100F0DA
:105870007FFB401B0B28F5D3D4F89C0040F00100BF
:10588000C4F89C00032084F898000120BDE8F08152
:10589000816941F002018161207C21688A6942F0BE
:1058A0004003012808BF22F040038B61607C21681F
:1058B0008A6922F48043012808BF42F480438B6147
:1058C000A07C21688A6942F48053012808BF22F431
:1058D00080538B6120688169A26821F44071114373
:1058E00081612068816921F0A401816120680169DA
:1058F00021F010010161E268EAB1012A05D12068B6
:10590000816941F00401816115E0206850F8181F99
:10591000022A0DD041F0800101602068016941F048
:1059200010010161E068032805D1206850F8181FB4
:1059300041F0200101602268D4E90530D4E907155F
:105940004FF07E4606EB40666FF0FF0000EB012152
:1059500031436E1E0E430021CFF6FF7101EB03436E
:105960003343D361A268B2F5407F11D104F124061C
:105970004CCE256B6FF00F0707EB0517256800EB82
:105980000620013B1843384301EB02410843E8601D
:10599000206E00281FBF2068616ED0F8C020114320
:1059A00018BFC0F8C010D4E91701C8420ED0206853
:1059B000D0F8C810A26E42F60C63C0F6010353F88B
:1059C000222021F007011143C0F8C810206C70B1EB
:1059D0002068D0F8BC10626C42F60C63C0F601037C
:1059E00053F8222021F007011143C0F8BC10A06C2D
:1059F00078B12068D0F8BC10E26C42F60C63C0F6B7
:105A0000010353F8222021F0700141EA0211C0F88D
:105A1000BC10206D78B12068D0F8BC10626D42F6E1
:105A20000C63C0F6010353F8222021F4E06141EA3F
:105A30000221C0F8BC102068404504D1606881682C
:105A400021F0030181600020C4F89400C4F89C0098
:105A5000012084F898002046BDE8F041FDF7A0B988
:105A6000B0B5B8B0044633A81421FAF789FC02A8EF
:105A7000C021FAF785FC2068404C414D41498842DD
:105A80003DD05849884276D1002003904FF4004021
:105A900002904FF080501E9002A801F089F808B1E2
:105AA000FDF76FF9384801684A1C0029026008D1E7
:105AB000E86840F48070E860E86800F48070019065
:105AC0000198286833A940F001002860286800F098
:105AD0000100019001984FF4C0503390022034909F
:105AE0000020CDE9350009203790204600F050F91C
:105AF00013200121012200F08FFE132039E0002045
:105B000003904FF4004002904FF080501E9002A886
:105B100001F04EF808B1FDF734F91B4801684A1C42
:105B20000029026008D1E86840F48070E860E86805
:105B300000F4807001900198286833A940F00200B9
:105B40002860286800F002000190019860203390DE
:105B5000022034900020CDE935000920379004F56B
:105B6000806000F015F914200221012200F054FE9B
:105B7000142000F04DFE38B0B0BD00BF0000025848
:105B8000E044025800A400405C1D00240000000016
:105B900070470000B0B58CB004462068114DA84293
:105BA0000DD16A462046402102F12803FFF7E4FBAD
:105BB000012803D00C48C16868468847206805F56D
:105BC000806188420CD16A462046402102F12803B8
:105BD000FFF7D2FB012803D00348C1696846884714
:105BE0000CB0B0BD00A00040200000240000000068
:105BF000704700000000000090F8981001290CD1B7
:105C0000022180F8981001688A6922F001028A61F5
:105C10000021C0F89C1008467047D0F89C1041F055
:105C20000401C0F89C1001210846704700000000E4
:105C300070470000000000007047000000000000F6
:105C400070470000000000007047000000000000E6
:105C500070470000000000007047000000000000D6
:105C600070470000000000007047000000000000C6
:105C700070470000000000007047000000000000B6
:105C80002DE9F04F81B000297DD042F20043C5F6E6
:105C900002030A22984208BF092200F1264303F1B9
:105CA000FF734FEAB327092F38BF4FEAB3220092A0
:105CB00000230027012600BFA6F10108012202FAF5
:105CC00008FC1CEA010A55D04FEA980940F2084244
:105CD000C5F6000252F829E007F00C0B0F2202FA79
:105CE0000BF40EEA0402009D05FA0BF5AA4221D13D
:105CF0000422C5F600021546EA6F22EA0A02EA67A4
:105D0000D5F8802022EA0A02C5F880202A6822EA13
:105D10000A022A604FF0B0452A6822EA0A022A6085
:105D200040F20842C5F60002154655F82920A24364
:105D300045F8292003229A4005681543056007F0BD
:105D40001C050F2404FA05FE4FF6FC74C7F6FF7419
:105D500004EA58040444256A25EA0E052562C5684C
:105D60009543C560456825EA0C054560856825EAC8
:105D70000202826031FA06F203F1020307F104071E
:105D800006F1010698D101B0BDE8F08F00000000D7
:105D90002DE9F04F82B00E68002E00F0D58042F25F
:105DA0000042C5F602020A27904208BF092700F107
:105DB000264202F1FF724FEAB223092B38BF4FEAA5
:105DC000B227009700224FF0030E40F2040AC5F6F6
:105DD000000A0027012500BFA5F10109012303FAEC
:105DE00009FB16EA0B0800F0A4804E6806F00306D3
:105DF000013E012E13D80EFA07F6D0F808C02CEA9F
:105E00000606CB68BB4033438360436823EA0B0339
:105E10004E68C6F3001606FA09F6334343604B6832
:105E200003F00303032B08D00EFA07F3C66826EA33
:105E300003038E68BE403343C3604B6803F0030323
:105E4000022B14D102F01C030F2606FA03FC4FF6B6
:105E5000FC74C7F6FF7404EA59040444266A26EA6F
:105E60000C0C0E6906FA03F343EA0C0323620EFAE4
:105E700007F3066826EA03034E6806F00306BE40F1
:105E8000334303608B799B0753D044F2F443C5F648
:105E900002031E46336843F002033360336803F0A5
:105EA00002030193019B29F0030340F20846C5F663
:105EB0000006B14653F809C002F00C040F26A640B4
:105EC0002CEA060C009E06FA04F44CEA040643F899
:105ED00009604FF0B044236823EA08034E6816F4C3
:105EE000801F18BF43EA08032360DAF8003023EA72
:105EF00008034E6816F4001F18BF43EA0803CAF8E7
:105F00000030DAF8803023EA08034E6816F4003FC8
:105F100018BF43EA0803CAF88030DAF87C3023EA75
:105F200008034E6816F4803F18BF43EA0803CAF816
:105F30007C300E6836FA05F302F1040207F102071D
:105F400005F101057FF448AF02B0BDE8F08F000015
:105F5000002A08BF090481617047000000000000AA
:105F600041F20000C5F600400068000C70470000D8
:105F700043F2BC60C2F200400068704700000000BD
:105F800090F84120202A03D190F84020012A02D124
:105F90000221C8B27047242280F8412002681368A9
:105FA00023F0010313600268136823F48053136025
:105FB000026813681943116001680A6842F001021F
:105FC0000A60202180F84110002180F84010C8B2FA
:105FD000704700000000000090F84120202A03D103
:105FE00090F84020012A02D10221C8B27047242231
:105FF00080F841200268136823F0010313600268EF
:10600000136823F4706343EA0121116001680A6890
:1060100042F001020A60202180F84110002180F83E
:106020004010C8B27047000010B50446002C04BFF1
:10603000012010BD4FF0240084F841002068016861
:1060400021F001010160204600F0A2FA4FF00000AB
:10605000606484F84100206384F8420084F84000C2
:1060600010BD000000000000026891691268436BD7
:10607000002B08BF704780B59847BDE88040704747
:1060800090F841007047000010B50446002C04BF92
:10609000012010BD94F8410028B9002084F8400088
:1060A000204600F093FA242084F84100206801681B
:1060B00021F001010160D4E9000121F0706101616A
:1060C0002068816821F4004181602068D4E90212CF
:1060D0004FF40443012A08BF4FF400431943816081
:1060E0002068E168426822F40063022908BF42F494
:1060F000006343602068416841F0007141F4004151
:1061000041602068C16821F40041C160206804F149
:1061100010030ECB114341EA0321C1602068D4E98A
:106120000712114301602068016841F0010101601C
:1061300000206064202184F84110206384F842002C
:1061400010BD0000000000002DE9F04F83B01D4697
:1061500090468A4604460020029094F84100202888
:106160000AD12068806910F4004F07D194F84000EC
:10617000012805D1022062E0022060E002205EE0FA
:10618000012084F84000242084F84100002060644D
:106190006FF39F2A42F20009C0F200296F1C2068A9
:1061A000E1680129514618BF41F4006141EA090143
:1061B0004160FFF7DDFE06462068816901F020019D
:1061C000806900F01000084308D1002FF4D0FFF7D9
:1061D000CFFE4DB3801BA842EED925E02068D0F851
:1061E00018B000962046202100222B4604F088F9A2
:1061F0001BF0100F27D048BB20681021C161206818
:106200002021C16102980130029002984045C6D316
:10621000202084F84100606C40F020006064002081
:1062200084F8400001200AE0202084F84100606CDE
:1062300040F020006064002084F840000120C0B2DB
:1062400003B0BDE8F08F18B10120F8E70120F6E7B0
:1062500020682021C16184F84110002084F84000AA
:10626000EDE70000000000002DE9F04F83B01F466D
:1062700016468A46044694F8410020280ED1DDF8DF
:1062800030B0BBF1000F1CBFDDF83480B8F1000F57
:1062900006D14FF4007060640125ADE00225ABE04B
:1062A00094F84000012801D10225A5E0012584F8D9
:1062B0004050FFF75DFE8146CDF8009020464FF438
:1062C00000410122192304F01BF9002840F09480BA
:1062D0000E99222084F84100402084F842000025D5
:1062E0006564C4F824B0A4F82A8088466563CDE9C3
:1062F00000892046514632463B4604F071F818B1F9
:1063000084F84050012577E0618D42F20040C8F2E8
:106310000000B1F5807F08D3FF2121850090204641
:106320005146FF224FF0807307E0618D2185009078
:10633000CAB2204651464FF0007304F0C5F800265B
:10634000FF2700BFCDF800902046042100224346DD
:1063500004F0D6F8D0BB2068406A616A0870606AB1
:1063600001306062208D01382085608D01386085A4
:10637000608D00B3208DF0B9CDF8009020468021CB
:106380000022434604F0BCF8A8BB608DB0F5807FC6
:1063900007D32785009620465146FF224FF0807391
:1063A00007E0608D20850096C2B2204651464FF02E
:1063B000007304F089F8608D0028C3D1204641465F
:1063C0004A4604F0E9F818B1012515E0012513E06B
:1063D00020682021C161206842684EF60003CFF694
:1063E00000631A40426084F84110002584F842504E
:1063F00084F8405000E00125E8B203B0BDE8F08F1A
:106400002DE9F04F83B01F4616468A46044694F89D
:10641000410020280ED1DDF830B0BBF1000F1CBFC9
:10642000DDF83480B8F1000F06D14FF400706064DD
:106430000125A8E00225A6E094F84000012801D13A
:106440000225A0E0012584F84050FFF791FD814628
:10645000CDF8009020464FF400410122192304F0AA
:106460004FF8002840F08F800E99212084F84100D9
:10647000402084F8420000256564C4F824B0A4F8E4
:106480002A8088466563CDE9008920465146324618
:106490003B4603F0DDFF18B184F84050012572E05F
:1064A000608DB0F5807F09D3FF202085002000900B
:1064B00020465146FF224FF0807308E0608D208512
:1064C00000210091C2B2204651464FF0007303F004
:1064D000FBFF0026FF2700BF204641464A4604F046
:1064E00093F8D0BB2068616A09788162606A0130E4
:1064F0006062608D01386085208D01382085608D57
:1065000000B3208DF0B9CDF8009020468021002204
:10651000434603F0F5FFA8BB608DB0F5807F07D33D
:106520002785009620465146FF224FF0807307E0F2
:10653000608D20850096C2B2204651464FF0007310
:1065400003F0C2FF608D0028C6D1204641464A466E
:1065500004F022F818B1012515E0012513E02068A8
:106560002021C161206842684EF60003CFF6006327
:106570001A40426084F84110002584F8425084F8A3
:10658000405000E00125E8B203B0BDE8F08F000004
:1065900000683049884218BF704710B50A48016842
:1065A00021F4800101604FF480612C4C2046FFF7FC
:1065B00067FB20464FF40061FFF762FB2120BDE836
:1065C000104000F021B900BFE8440258B0B5B8B09F
:1065D000044633A81421F9F7D3FE02A8C021F9F725
:1065E000CFFE20681B49884232D100240820039442
:1065F000029002A8239400F0DBFA08B1FCF7C1FB7B
:10660000154D33A9286840F002002860286800F082
:106610000200019001984FF4406033901220CDE9C0
:1066200034040420369437900C48FFF7B1FBA86877
:106630000021002240F48000A860A86800F48000D7
:1066400001900198212000F0E7F8212000F0E0F807
:1066500038B0B0BD00580040E04402580004025871
:1066600040F68C60C2F20040007843F2BC61C2F296
:1066700000410A68104408607047000000000000F4
:1066800080B5032000F0D8F801F0FAF844F2184180
:10669000C5F602010A68C2F3032242F6FC53C0F6B3
:1066A00001039A5C02F01F02D040096801F00F015B
:1066B000595C01F01F0120FA01F140F21002C2F210
:1066C0000042116040F20C01C2F20041086000205B
:1066D00000F00AF800281CBF012080BD00F080F8FF
:1066E0004FF0000080BD0000B0B5044640F68C605D
:1066F000C2F200400078002802BF01252846B0BD44
:106700004FF47A71B1FBF0F040F20C01C2F200419B
:106710000968B1FBF0F001F04BFF4FF001050F2CC1
:106720000CD858B900254FF0FF302146002200F068
:1067300073F840F69060C2F2004004602846B0BD95
:1067400010B541784EF6A052CEF2000242F8081C75
:10675000116821F001011160416842F8041C017BBD
:10676000C37A1B0643EA017190F800C090F808E074
:10677000437A847A41EAC441447B41EA8441847B80
:1067800041EA4441C07B41EA004040EA032040EA3C
:106790004E0040EA0C00106010BD00000000000038
:1067A000BFF35F8F4EF62450CEF20000016821F453
:1067B0008031016000210167704700000000000087
:1067C00040F001004EF62451CEF20001086708683F
:1067D00040F480300860BFF34F8FBFF36F8F704776
:1067E00081B00748016841F002010160006800F0D3
:1067F000020000900098052001B000F01DB800BF15
:10680000F44402580000000009F02AB8000000001B
:1068100009F03EB80000000070B514460D4606466B
:1068200009F04AF82946224606F00AFC014630469D
:10683000BDE8704009F048B809F05AB800000000FF
:10684000B0B544F60C05C5F602052A68296812F0B1
:10685000040F05D101F00701081A18BF0120B0BDCF
:1068600021F0070108432860FFF782FB044600BFC0
:1068700055F8080C10F4005F1CBF0020B0BDFFF7F6
:1068800077FBA0EB0400B0F57A7F84BF0120B0BD98
:10689000EEE700000000000080B500F0A1FF44F228
:1068A0002041C5F602010968C1F3021142F6FC520B
:1068B000C0F60102515C01F01F01C84080BD00001C
:1068C00080B544F2384CC5F6020C5CF810EC5CF86C
:1068D000102C5CF80C1CDCF80430C1F300114942A8
:1068E00001EAD3016FF35F3100EE101AC2F30532F3
:1068F000B8EE400A12B30EF00303022B2CD0012B8A
:1069000021D003BB9FED491A02EE102AB8EE422AAD
:106910005CF8381C20EE010A11F0200F68D1DCF879
:1069200000106FF35F219FED431A03EE101AB8EECB
:10693000433A81EE022A30EE031A21E00021C0E939
:106940000011816080BDDCF8001001EE102A6FF3A9
:106950005F219FED372A07E0DCF8001001EE102AD6
:106960006FF35F219FED302A9FED303AB8EE414A38
:1069700001EE101AB8EE411A82EE042A00EE031A54
:10698000DCF80010B7EE000AC1F3462131EE001A20
:1069900003EE101AB8EE433A22EE011A33EE002A43
:1069A00081EE022ABCEEC22A80ED002ADCF800103B
:1069B000C1F3064102EE101AB8EE422A32EE002A66
:1069C00081EE022ABCEEC22A80ED012ADCF800101A
:1069D000C1F3066102EE101AB8EE422A32EE000A46
:1069E00081EE000ABCEEC00A10EE101A816080BD74
:1069F0005CF8381CC1F3C10149F20002C0F2D03288
:106A000022FA01F1DCF800206FF35F2201EE102A78
:106A100003EE101AB8EE411AB8EE433A30EE011AFE
:106A200083EE022AACE700BF0024F44A00000039DC
:106A30000024744A0024744C80B544F2404CC5F6DE
:106A4000020C5CF818EC5CF8182C5CF8141CDCF8F0
:106A50000430C1F30021494201EAD3016FF35F31F1
:106A600000EE101AC2F30552B8EE400A12B30EF04F
:106A70000303022B2CD0012B21D003BB9FED491A1D
:106A800002EE102AB8EE422A5CF8401C20EE010A01
:106A900011F0200F68D1DCF800106FF35F219FED3B
:106AA000431A03EE101AB8EE433A81EE022A30EE92
:106AB000031A21E00021C0E90011816080BDDCF8EB
:106AC000001001EE102A6FF35F219FED372A07E0D7
:106AD000DCF8001001EE102A6FF35F219FED302AE1
:106AE0009FED303AB8EE414A01EE101AB8EE411A65
:106AF00082EE042A00EE031ADCF80010B7EE000A5A
:106B0000C1F3462131EE001A03EE101AB8EE433AF3
:106B100022EE011A33EE002A81EE022ABCEEC22ACE
:106B200080ED002ADCF80010C1F3064102EE101AD5
:106B3000B8EE422A32EE002A81EE022ABCEEC22AC8
:106B400080ED012ADCF80010C1F3066102EE101A94
:106B5000B8EE422A32EE000A81EE000ABCEEC00A0C
:106B600010EE101A816080BD5CF8401CC1F3C101B9
:106B700049F20002C0F2D03222FA01F1DCF8002022
:106B80006FF35F2201EE102A03EE101AB8EE411ADD
:106B9000B8EE433A30EE011A83EE022AACE700BFAA
:106BA0000024F44A000000390024744A0024744C84
:106BB0002DE9F04F81B00446E078000744F22C48FC
:106BC000C5F6020826D5A06E4FEA305003280AD831
:106BD000DFE800F0020B1118D8F8000040F4003094
:106BE000C8F800000EE0012515E004F108000221BC
:106BF00006F066FA04E004F12800022106F0F0FA3B
:106C0000054645B9D8F82400A16E20F44010084389
:106C1000C8F8240000256078C00701D12E462BE07B
:106C2000A06D04280DD82E46DFE800F0030E141ADC
:106C30001A00D8F8000040F40030C8F800002E46D2
:106C40000EE00126012718E004F10800002106F0FB
:106C500037FA04E004F12800002106F0C1FA0646E4
:106C6000002E374609D1D8F82400A16D20F0070086
:106C70000843C8F8240000262F46607880072BD5EB
:106C8000E06D4FEAB01004280BD8DFE800F0030DE8
:106C900013191900D8F8000040F40030C8F80000BB
:106CA0000EE00126012518E004F10800002106F09D
:106CB00007FA04E004F12800002106F091FA0646E4
:106CC000002E354609D1D8F82400E16D20F4E0709B
:106CD0000843C8F8240000263D46607840072ED5BA
:106CE000D4F8A8004FEA705004280BD8DFE800F071
:106CF000030E141A1A00D8F8000040F40030C8F847
:106D000000000FE001264FF0010919E004F108002E
:106D1000002106F0D5F904E004F12800002106F076
:106D20005FFA0646002EB1460AD1D8F82C00D4F8F6
:106D3000A81020F460000843C8F82C000026A946DB
:106D4000607800072DD5D4F8AC004FEA30600428F5
:106D50000BD8DFE800F0030D13191900D8F8000074
:106D600040F40030C8F800000EE00126012719E0C9
:106D700004F10800002106F0A3F904E004F1280062
:106D8000002106F02DFA0646002E37460AD1D8F823
:106D90002C00D4F8AC1020F0E0600843C8F82C00B8
:106DA00000264F46E078800724D5E06C4FEA30108B
:106DB00003280AD8DFE800F012020C12D8F800000D
:106DC00040F40030C8F8000008E00126012512E078
:106DD00004F10800022106F073F90646002E35463C
:106DE00009D1D8F82000E16C20F030000843C8F841
:106DF000200000263D466078C0062BD5206E4FEA65
:106E0000303004280BD8DFE800F0030D1319190007
:106E1000D8F8000040F40030C8F800000EE0012669
:106E2000012718E004F10800002106F049F904E008
:106E300004F12800002106F0D3F90646002E37465B
:106E400009D1D8F82400216E20F4E0400843C8F8A6
:106E5000240000262F466078800624D5606E4FEA15
:106E6000304005280AD8DFE800F012030C12121295
:106E700004F10800012106F023F907E001260125AD
:106E800012E004F12800012106F0AAF90646002EBE
:106E9000354609D1D8F82400616E20F4E02008437B
:106EA000C8F8240000263D466078400626D5D4F870
:106EB000B0004FEA307005280AD8DFE800F012036E
:106EC0000C12121204F10800012106F0F9F807E093
:106ED0000126012713E004F12800012106F080F9C2
:106EE0000646002E37460AD1D8F82C00D4F8B01048
:106EF00020F0E0400843C8F82C0000262F466078B8
:106F0000000620D5206F90B1B0F1005F09D0B0F13C
:106F1000805F2AD1D8F8000040F40030C8F80000A3
:106F200005E004F10800012106F0CAF80646002E2B
:106F3000354609D1D8F82400216F20F0405008438D
:106F4000C8F8240000263D46E078C00726D0A06C93
:106F500003280DD8DFE800F016021016D8F800005C
:106F600040F40030C8F800000CE001260125EBE7F2
:106F700001264FF0010912E004F10800022106F099
:106F80009FF80646002EB14609D1D8F82000A16C22
:106F900020F003000843C8F820000026A946A07886
:106FA000400602D435464F4618E0D8F8D40340F4E2
:106FB0008070C8F8D403FEF7DBFF0546D8F8D40389
:106FC00010F4807F07D1FEF7D3FF401B6428F5D96A
:106FD0000325032702E0A6B1354637462078C007CF
:106FE00058D0E06F4FEAF00005283ED8DFE800F007
:106FF00046034046464604F10800012106F060F8C9
:107000003BE0D8F84410D4F8B400414011F4407F7C
:1070100013D0D8F84400D8F8441041F48031C8F8AF
:107020004410D8F8441021F48031C8F8441020F4FA
:107030004070C8F84400D4F8B400B0F5807F40F048
:107040007082FEF795FF824641F2883B03250327B5
:10705000D8F8440010F0020F40F05E82FEF788FF7F
:10706000A0EB0A005845F3D9B8E70125012612E044
:1070700004F12800012106F0B3F80546002D2E4644
:1070800009D1D8F82800E16F20F038000843C8F88B
:10709000280000253E462078800722D5A06F0528CD
:1070A0000AD8DFE800F012030C12121204F10800F3
:1070B000012106F005F807E00125012712E004F19F
:1070C0002800012106F08CF80546002D2F4609D135
:1070D000D8F82800A16F20F007000843C8F828005E
:1070E000002537462078400724D5D4F89400052899
:1070F0000AD8DFE800F012030C12121204F10800A3
:10710000012105F0DDFF07E00125012613E004F170
:107110002800012106F064F80546002D2E460AD10C
:10712000D8F82C00D4F8941020F007000843C8F8D1
:107130002C0000253E462078800626D5D4F8900005
:107140004FEA307005280AD8DFE800F012030C126D
:10715000121204F10800002105F0B2FF07E001253A
:10716000012713E004F12800022106F039F8054652
:10717000002D2F460AD1D8F82800D4F8901020F01E
:10718000E0400843C8F8280000253746207840062C
:1071900026D5D4F89C004FEAB02005280AD8DFE8AD
:1071A00000F012030C12121204F10800002105F085
:1071B00087FF07E00125012613E004F128000221E2
:1071C00006F00EF80546002D2E460AD1D8F82C0000
:1071D000D4F89C1020F4E0500843C8F82C00002597
:1071E0003E462078000626D5D4F8A0004FEA70303D
:1071F00005280AD8DFE800F012030C12121204F17D
:107200000800002105F05CFF07E00125012713E0DD
:1072100004F12800022105F0E3FF0546002D2F466A
:107220000AD1D8F82C00D4F8A01020F4604008430C
:10723000C8F82C00002537462078000715D5D4F86B
:107240008400B0F5805F07D104F12800022105F029
:10725000C7FF002818BF0127D8F82800D4F88410E9
:1072600020F440500843C8F828002078C00615D5FF
:10727000D4F89800B0F5807F07D104F128000221EE
:1072800005F0AEFF002818BF0127D8F82C00D4F86D
:10729000981020F440700843C8F82C00A07800072C
:1072A00021D5D4F8A400B0F5003F0FD0B0F5803F51
:1072B00006D078BB04F10800002105F001FF04E0CE
:1072C00004F12800022105F08BFF0546002D2E4613
:1072D0000AD1D8F82C00D4F8A41020F44030084388
:1072E000C8F82C0000253E46A078400728D5D4F8E1
:1072F0008800B0F5401F16D0B0F5001F0DD0B0F5D6
:10730000801F40F00481D8F8000040F40030C8F835
:10731000000008E001250126E6E704F1280001212C
:1073200005F05EFF0546002D2F460AD1D8F828004B
:10733000D4F8881020F440100843C8F8280000252D
:107340003746A078C00701D13E4620E0206DB0F559
:10735000803F07D0C8B9D8F8000040F40030C8F822
:10736000000005E004F10800022105F0A9FE054631
:10737000002D2E460BD1D8F82000216D20F480304E
:107380000843C8F820000025DEE701250126E07843
:10739000800607D504F12800022105F021FF00280E
:1073A00018BF0126A07880071DD5D4F880006FF0A3
:1073B000010101EB302102290BD34FEA302040B10B
:1073C000012840F0A780D8F8000040F40030C8F849
:1073D00000004DB9D8F82800D4F8801020F440708F
:1073E0000843C8F828003546A078C00607D5D8F865
:1073F0002400616F20F000400843C8F82400E078C2
:10740000C00608D558F81C0CD4F8B81020F48040F9
:10741000084348F81C0CA078800607D5D8F824004B
:10742000E16E20F080700843C8F82400E078400640
:107430000CD558F81C0C20F4004048F81C0CD4F86B
:10744000BC0058F81C1C084348F81C0C2068B0F11C
:10745000FF3F07DCD8F82000616D20F04050084362
:10746000C8F82000A078000608D5D8F82800D4F87D
:107470008C1020F440000843C8F828002079C00789
:1074800007D004F10800002105F01AFE002818BFFB
:1074900005462079800707D504F10800012105F091
:1074A0000FFE002818BF05462079400707D504F1D4
:1074B0000800022105F004FE002818BF05462079C7
:1074C000000707D504F12800002105F089FE0028F7
:1074D00018BF05462079C00607D504F12800012110
:1074E00005F07EFE002818BF05462079800607D5E6
:1074F00004F12800022105F073FE002818BF05469C
:10750000002D18BF0125284601B0BDE8F08F0125E8
:10751000012716E7012567E7002E354637467FF439
:107520005DADD4F8B41058F81C0C20F47C5001F474
:107530004072B2F5407F01BF4FF6CF72C0F2FF023A
:1075400002EA1111084348F81C0CD4F8B400D8F82A
:1075500044106FF31F3040EA0100C8F844004FF0B8
:10756000000520E5000000002DE9F04381B08946C8
:107570000446002C76D042F20008C5F20028D8F864
:10758000000000F00F0048450DD2D8F8000020F0B0
:107590000F0040EA0900C8F80000D8F8000000F029
:1075A0000F00484560D12078400744F21847C5F6DF
:1075B00002070AD52069396801F07001884281BF4D
:1075C000396821F0700108433860207800070AD537
:1075D0006069796801F07001884281BF796821F0A3
:1075E0007001084378602078C0060AD5A0697968E0
:1075F00001F4E061884281BF796821F4E0610843C9
:107600007860207880060AD5E069B96801F07001D9
:10761000884281BFB96821F070010843B8602078C2
:1076200080070AD5E068396801F00F01884281BF00
:10763000396821F00F01084338602078C00744D032
:107640003868A16820F470600843386060680328D7
:107650000CD0022811D157F8180C10F4003F18D1A3
:107660000120B6E00120B4E00120B2E057F8180C88
:1076700010F0007F0DD10120ABE057F8181C012855
:1076800003D1C80505D40120A3E0480701D4012097
:107690009FE057F8080C616820F00700084347F89E
:1076A000080CFEF765FC064641F2883557F8080CD1
:1076B000616800F03800B0EBC10F06D0FEF758FC4F
:1076C000801BA842F2D9032083E0207880070AD5E6
:1076D000E068396801F00F0188423FBF396821F046
:1076E0000F0108433860D8F8000000F00F0048454B
:1076F0000DD9D8F8000020F00F0040EA0900C8F8C2
:107700000000D8F8000000F00F00484560D1207854
:1077100040070AD52069396801F0700188423FBFEF
:10772000396821F0700108433860207800070AD5D5
:107730006069796801F0700188423FBF796821F083
:107740007001084378602078C0060AD5A06979687E
:1077500001F4E06188423FBF796821F4E0610843A9
:107760007860207880060AD5E069B96801F0700178
:1077700088423FBFB96821F070010843B86000F04B
:107780007FF83968C1F3032142F6FC52C0F60102CA
:10779000515C01F01F01C840396801F00F01515CD4
:1077A00001F01F0120FA01F140F21002C2F2004282
:1077B000116040F20C01C2F20041086040F6906096
:1077C000C2F20040006801B0BDE8F043FEF78CBF94
:1077D0000120C0B201B0BDE8F0830000000000004D
:1077E00080B500F04DF844F21841C5F602010A6870
:1077F000C2F3032242F6FC53C0F601039A5C02F086
:107800001F0220FA02F2086800F00F00185C00F076
:107810001F0022FA00F040F21001C2F2004108609D
:1078200040F20C01C2F200410A6080BD000000007D
:1078300080B5FFF7D5FF44F21C41C5F60201096887
:10784000C1F3021142F6FC52C0F60102515C01F094
:107850001F01C84080BD000080B5FFF7C1FF44F2A2
:107860001C41C5F602010968C1F3022142F6FC522F
:10787000C0F60102515C01F01F01C84080BD00004C
:1078800080B544F2304EC5F6020E5EF8200CC0F30F
:10789000C20249F20000C0F2D030032A14D0022AFA
:1078A0004ED0002A1EBF40F60010C0F23D0080BD41
:1078B0005EF8302C12F0200F1FBF5EF8301CC1F3B1
:1078C000C101C84080BD80BD5EF808CC5EF8082CC0
:1078D0005EF8043CDEF8041003F001035B4203EAA7
:1078E000D1016FF35F31C2F3051200EE101AB8EE4A
:1078F000400A002A04BF002080BD0CF00303022BC5
:107900002CD0012B21D003BB9FED351A02EE102A9B
:10791000B8EE422A5EF8301C20EE010A11F0200F6A
:1079200046D1DEF800006FF35F209FED2F1A03EEC3
:10793000100AB8EE433A81EE022A30EE031A21E033
:1079400041F20020C0F27A0080BDDEF8000001EEB6
:10795000102A6FF35F209FED232A07E0DEF8000076
:1079600001EE102A6FF35F209FED1C2A9FED1C3A59
:10797000B8EE414A01EE100AB8EE411A82EE042A2E
:1079800000EE031ADEF80000B7EE000AC0F346204E
:1079900031EE000A013022EE000A01EE100AB8EEC4
:1079A000411A80EE010ABCEEC00A10EE100A80BD3A
:1079B0005EF8301CC1F3C101C840DEF800106FF35F
:1079C0005F2101EE101A03EE100AB8EE411AB8EE6C
:1079D000433A30EE011A83EE022AD3E70024F44A38
:1079E000000000390024744A0024744C0000000098
:1079F000F0B581B0044614B32078C00744F20046C5
:107A0000C5F602064FD03169B06A01F0380110297D
:107A100019D0182904BF00F00300022813D06068B1
:107A2000C8B1B0F5803F06D03168B0F5A02F16D1AF
:107A300041F480203060306840F4803015E001204F
:107A4000C0B201B0F0BD306810F4003F2BD06068C8
:107A500048BB0120F4E7306820F4803001E021F4D5
:107A600080303060306820F4802030606768FEF736
:107A70007FFA054667B100BF306810F4003F12D1AD
:107A8000FEF776FA401B6428F6D90320D8E700BF3A
:107A9000306810F4003F06D0FEF76AFA411B03205D
:107AA0006429F5D9CCE72078800764D53169B06ABC
:107AB00011F038011BD0182908BF5FEA807016D07A
:107AC000E068316800283FD021F019010843306098
:107AD000FEF74EFA054600BF306810F0040F22D1C1
:107AE000FEF746FA401B0228F6D90320A8E73168C2
:107AF000E06811F0040F02D008B90120A0E7316856
:107B000021F0190108433060FEF732FA054600BF44
:107B1000306810F0040F06D1FEF72AFA411B03204B
:107B20000229F5D98CE7FEF71BFA216941F203021D
:107B300090421AD80803402908BF4FF400307168FA
:107B400021F47C31084315E021F001003060FEF79C
:107B50000FFA0546306810F0040F0CD0FEF708FA53
:107B6000411B03200229F5D96AE7706820F0FE4026
:107B700040EA016070602078C00658D53169B06A6B
:107B800001F0380108291AD0182904BF00F00300B9
:107B9000012814D0E1693068B9B340F0800030604A
:107BA000FEF7E6F9054600BF306810F4807F0DD17E
:107BB000FEF7DEF9411B03200229F5D940E73068C2
:107BC00010F4807F1CBFE06980281CD1FEF7C8F943
:107BD000216A41F2030290420CD88806202908BF8E
:107BE0004FF08040314651F8042F22F0F842104304
:107BF00008601CE0304650F80C2F22F07C5242EA1C
:107C00000161016013E001201AE720F0800030607C
:107C1000FEF7AEF9054600BF306810F4807F06D04D
:107C2000FEF7A6F9411B03200229F5D908E72078C1
:107C3000000726D56169706F89B140F00100706757
:107C4000FEF796F9054600BF706F10F0020F18D1CD
:107C5000FEF78EF9401B0228F6D90320F0E620F04B
:107C600001007067FEF784F9054600BF706F10F0E1
:107C7000020F06D0FEF77CF9411B03200229F5D93B
:107C8000DEE62078800626D5A169306889B140F407
:107C900080503060FEF76CF9054600BF306810F484
:107CA000005F18D1FEF764F9401B0228F6D90320C3
:107CB000C6E620F480503060FEF75AF9054600BF52
:107CC000306810F4005F06D0FEF752F9411B032024
:107CD0000229F5D9B4E6207840070CD4676A7FB34F
:107CE000306900F0380018282CD1B16A306B012FB0
:107CF0004AD10120A4E6D6F8000440F48070C6F80A
:107D00000004FEF735F90546D6F8000410F4807F2C
:107D100006D1FEF72DF9401B6428F5D903208FE624
:107D2000A068002862D0012806D0316F052840F0F5
:107D3000C58041F004003067306F40F00100C3E0BF
:107D400000207DE6306820F080703060FEF710F98A
:107D50000546022F0CD100BF306810F0007F49D0DB
:107D6000FEF706F9411B03200229F5D968E600BF9A
:107D7000306810F0007F00F09D80FEF7F9F8411B9D
:107D800003200229F4D95BE6A26A01F003039342BF
:107D900040F09280E26AC1F30511914240F0B88050
:107DA00001466FF35F21226B013A914240F0B280AD
:107DB000C0F34621626B013A914240F0AD80C0F3BE
:107DC0000641A26B013A914240F0A880C0F30660E0
:107DD000E16B0139884240F0A380706BA16CC0F365
:107DE000CC00814240F09E80002029E6306F20F0D8
:107DF000010065E0B06A40F2F3318843D4E90A1229
:107E0000084340EA0210B06204F130030FCB4FF494
:107E10007E4707EB412189B200F2FF106FF35F202C
:107E200008434FF4FE0101EB024101F4FE01084357
:107E30004FF0FE4101EB036101F0FE410843306366
:107E4000F06A20F00100F062706B4FF6F871884321
:107E5000A16C40EAC1007063F06A216C20F00C0054
:107E60000843F062F06A616C20F002000843F0629F
:107E7000F06A40F48030F062F06A40F40030F06262
:107E8000F06A40F48020F062F06A40F00100F06295
:107E9000306840F080703060FEF76AF80446306861
:107EA00010F0007F32D1FEF763F8011B0320022996
:107EB000F5D9C5E50020C3E50120C1E521F00100A9
:107EC0003067306F20F004003067A768FEF750F885
:107ED00005466FB141F28837306F10F0020F7FF422
:107EE000FDAEFEF745F8411B0320B942F4D9A7E5E2
:107EF00041F28837306F10F0020F3FF4EFAEFEF71B
:107F000037F8411B0320B942F4D999E5002097E5E1
:107F1000012095E5012093E5012091E501208FE501
:107F200001208DE5F06A20F00100F062FEF720F8F4
:107F30000546FEF71DF8A842FBD0706B4FF6F871AE
:107F40008843A16C40EAC1007063F06A40F0010010
:107F5000F062002074E50000B0B50446BCB3002018
:107F6000A062206843F60005C4F20005A8421EBFC7
:107F700043F60041C4F20001884208D043F20001F8
:107F8000C4F2010188421CBFE0680F281FD82046B8
:107F900005F042FC226843F60041C4F20001AA4207
:107FA00005D043F20003C4F201039A420BD12268C8
:107FB000AA4205D043F20003C4F201039A4208D159
:107FC000102804D80BE00928F1D38A42EFD0012011
:107FD000B0BD112803D38A4204BF0120B0BD94F87C
:107FE000810028B9002084F88000204600F07CF849
:107FF000022084F881002068016821F001010160FD
:1080000020688068A169B1F1806F10D16168B1F515
:10801000800F02D1A16B29B1616841B9A16BB1F1A7
:10802000805F04D121680A6842F480520A6000F43B
:10803000F810A179490609D5E168072906D3216816
:108040000A68236D22F480721A4303E021680A68EB
:1080500022F480720A602168E268E369A56A184325
:108060002843E36B184310438860606B616A0843E0
:10807000A16B0843A1690843D4E900C2A368D4E90D
:10808000045128430843216A08431043D4E91212DB
:10809000104318430843A16D0843CCF80C006068F6
:1080A00058B920688168012262F3CC218160206880
:1080B0008168022262F34A2181602068016D21F00B
:1080C00001010165A079400606D52068C168626D8E
:1080D00021F000411143C1600020C4F88400012157
:1080E00084F88110B0BD000070B5B8B0044633A864
:1080F0001421F8F745F902A8C021C026F8F740F985
:1081000020681D49884234D100244FF48050012159
:10811000022503940290049124210591CDE906558E
:10812000CDE90856CDE90A441A9002A8FEF740FDB1
:1081300008B1FAF726FE1148016941F48051016146
:10814000016901F4805101910199016841F0010137
:10815000016033A9006800F0010001900198E0205F
:10816000CDE933050520CDE9354437900448FDF7C6
:108170000FFE38B070BD00BF00300140E04402582F
:1081800000000258000000002DE9F04F81B09A462F
:1081900015460F460446E66BFDF7EAFE804694F866
:1081A000810001280ED10120002F18BF002D00F002
:1081B000F881BAF1000F07D094F88000012805D1AA
:1081C0000220EEE10220ECE10120EAE1012084F846
:1081D0008000052084F881000020C4F884006566D2
:1081E000A4F86AA0A4F868A0E765A4F862A0A4F8BF
:1081F00060A0C4E91C002068C16821F4C021C160EE
:1082000020681021009143F60001C4F20001884269
:108210001EBF43F60041C4F20001884207D043F27A
:108220000001C4F2010188421CBF08200090012017
:1082300021684A684FF6FF739A4342EA0A024A608D
:1082400021680A6842F001020A606168B1F5800F96
:1082500001BF21680A6842F400720A6000EB561000
:10826000DDF82890E168102905D385B200984FEA1F
:10827000900B564614E0072940F2BA8085B2009868
:108280004FEA500B574652E0006B616E41F8040B09
:108290006166B4F86A000138A4F86A00B4F86A604C
:1082A000B7B200BF46EA0A00000400F02A81206845
:1082B000416911F0020F13D05FEA0A411CBF1BFA9B
:1082C0008AF1B9420CD9E16D09680162E06D0430B0
:1082D000E065B4F862000138A4F86200B4F862A066
:1082E0002068416932041CD0426912F0010FCBD1E1
:1082F000BD4202D911F40041C6D1FDF739FEA0EB11
:10830000080048454FF0000028BF012019F1010185
:1083100018BF0121B9F1000F1CBF08400128C1D1CD
:108320000DE10026BCE7A4F86A00B4F86A70BEB29A
:1083300047EA0A00000400F0E4802068416911F077
:10834000020F13D05FEA0A411CBF1BFA8AF1B14247
:108350000CD9E16D09880184E06D0230E065B4F864
:1083600062000138A4F86200B4F862A02068416994
:108370003A0421D0426912F0010F30D1B54202D93E
:1083800011F400421AD1012E02D111F4005025D16E
:10839000FDF7EEFDA0EB080048454FF0000028BFB8
:1083A000012019F1010118BF0121B9F1000F1CBF13
:1083B00008400128BCD1D3E00027B8E7018E626EE7
:1083C00022F8021B6266008E616E21F8020B616664
:1083D000B4F86A004FF6FE710844A4E72068008EE6
:1083E000616E21F8020B6166B4F86A0001389AE701
:1083F00086B209F10105D34603E0A4F86A00B4F897
:108400006AB01FFA8BF700BF4BEA0A00000478D06D
:108410002068416911F0020F15D05FEA0A411EBFC2
:10842000009911FA8AF1B9420DD9E16D097880F805
:108430002010E06D0130E065B4F862000138A4F866
:108440006200B4F862A0216848695FEA0B4221D05B
:108450004A6912F0010F20D1BE4202D910F4004245
:108460001ED1032F02D810F4C0403ED1FDF780FD8D
:10847000A0EB080048454FF0000028BF0120002D68
:10848000294618BF0121B9F1000F1CBF084001287F
:10849000BAD176E04FF0000BB3E791F8300027E057
:1084A00091F83000616E0870606E0130606620687F
:1084B00090F83000616E0870606E01306066206870
:1084C00090F83000616E0870606E01306066206860
:1084D00090F83000616E0870606E01306066B4F82C
:1084E0006A004FF6FC71084487E7206890F8300076
:1084F000616E0870606E01306066B4F86A00013821
:108500007BE720464946424605F0FEF900281EBF9B
:10851000D4F8840040F02000C4F88400204605F020
:1085200017F94FF0010084F881004FF0000084F843
:108530008000D4F88400002818BF012031E02046D4
:1085400005F006F9D4F8840040F48070C4F8840083
:10855000012084F88100002084F88000032020E0BE
:10856000204605F0F5F8D4F8840040F48070C4F893
:108570008400012084F88100002084F8800003201A
:108580000FE0204605F0E4F8D4F8840040F4807051
:10859000C4F88400012084F88100002084F8800061
:1085A0000320C0B201B0BDE8F08F00000000000061
:1085B00005F076BC000000007047000000000000DD
:1085C000704700000000000070470000000000003D
:1085D00090F83C300222012B58D010B5012380F8CE
:1085E0003C3080F83D2003685A68D3F808E043F433
:1085F000806440F2004CC4F2010C644502BF4C6838
:1086000022F4700222430C6822F0700242EA040253
:108610005A60036841F2FF72C4F2000293420BDC1D
:1086200040F2FF72C4F20002934215DCB3F1804FB6
:108630001ED040F2004217E040F2FF32C4F20102C5
:10864000934225DC41F60002C4F2000293420FD0AF
:108650000022C4F2010209E040F60002C4F2000266
:10866000934205D040F60042C4F20002934205D185
:1086700089682EF08002114302689160012180F820
:108680003D10002280F83C20BDE81040D0B2704779
:1086900044F20002C4F20102934218BF6345E7D0DE
:1086A000ECE700000000000010B50446002C04BFF9
:1086B000012010BD94F83D0028B9002084F83C004A
:1086C000204600F023F8022084F83D002068211D98
:1086D00005F002FF012084F8480084F83E0084F889
:1086E0003F0084F8400084F8410084F8420084F898
:1086F000430084F8440084F8450084F8460084F878
:10870000470084F83D00002010BD0000F8B5016866
:108710001C481D4A914210D01C4A91421DD01C4A4F
:10872000914218BF8FBD016841F0080101600068E7
:1087300000F00800039003988FBD0168012241F406
:10874000807101600021006800F480700190019840
:108750002D20FEF761F82D200EE00168002241F087
:10876000800101600321006800F0800002900298FF
:108770002C20FEF751F82C2004B0BDE88040FEF715
:1087800047B800BFE844025800200040001C0040E9
:10879000000C00400000000090F83D1001291EBFB1
:1087A0000121084670474FF0020180F83D10016832
:1087B000CA6842F00102CA60016841F2FF72C4F265
:1087C000000291420BDC40F2FF72C4F200029142BF
:1087D00013DCB1F1804F29D040F2004215E040F2A5
:1087E000FF32C4F20102914214DC41F60002C4F2ED
:1087F000000291421AD0002214E040F60002C4F2B6
:108800000002914212D040F60042C4F200029142AE
:108810000CD017E044F20002C4F20102914205D0EC
:1088200040F20042C4F2010291420BD10168896812
:108830000722C0F201020A400021062A18BFB2F541
:10884000803F05D00068016841F00101016000210E
:10885000084670470000000010B50B46044694F827
:108860003C10022001295FD0012184F83C1084F8DB
:108870003D00206881688822CFF6CE721140816069
:1088800019686F290BDDB1F1101F18DAB1F5005F1F
:1088900025DA70294AD0B1F5805F3ED067E02F29F4
:1088A00017DD4F2920DC302934D040295FD15968A9
:1088B000DA68206805F0D4FE206840212BE02F20E4
:1088C000C0F2100081421BDCB1F1101F22D0202029
:1088D0001CE0F9B1102918BF20291BD047E032D085
:1088E000B1F5801F16D042E0502938D060293ED122
:1088F0005968DA68206805F0C7FE206860210AE040
:108900003020C0F21000814204D04020C0F210009C
:1089100081422CD1206805F093FE0020012184F8CB
:108920003D10002184F83C10C0B210BDD3E90121F4
:10893000DB68206805F078FE20688068216840F0D8
:1089400077008860E9E7D3E90121DB68206805F05A
:108950006BFE2068816841F480418160DDE75968E1
:10896000DA68206805F07CFE20685021D3E70120FA
:10897000D4E7000000000000704700000000000085
:10898000F0B581B004462068C768066907EA0605A5
:10899000A90715D56FF00201016101202077206839
:1089A000806910F0030F03D02046FFF7E5FF05E0D4
:1089B000204600F089F8204600F08AF80020207751
:1089C000680716D520686FF0040101610220207746
:1089D0002068806910F4407F03D02046FFF7CCFF69
:1089E00005E0204600F070F8204600F071F8002005
:1089F0002077280716D520686FF008010161042050
:108A000020772068C06910F0030F03D02046FFF7DD
:108A1000B3FF05E0204600F057F8204600F058F874
:108A200000202077E80616D520686FF0100101615C
:108A3000082020772068C06910F4407F03D02046CA
:108A4000FFF79AFF05E0204600F03EF8204600F0D0
:108A50003FF800202077E80706D020686FF001017A
:108A60000161204600F036F817F0800718BF16F4B1
:108A7000025006D020686FF4025101612046FFF7D2
:108A80009FFD002F18BF16F4807006D020686FF489
:108A9000807101612046FFF78FFD680606D52068CA
:108AA0006FF040010161204600F02AF8A8065CBF83
:108AB00001B0F0BD20686FF020010161204601B0D7
:108AC000BDE8F040FFF780BD7047000000000000E7
:108AD000704700000649884206D00649884218BF00
:108AE00070470548006A004703488068004700BF98
:108AF000B425002468250024E00F002400000000B5
:108B0000704700000000000090F88410012902BFA7
:108B10000221C8B270474FF02401C0F888100168E4
:108B20000A680B6823F001030B604FF000014166F7
:108B3000036822F000521A604FF02002C0F888202B
:108B400080F88410C8B27047704700000000000031
:108B50007047000000000000B0B5044694F884009F
:108B6000012802BF0220C0B2B0BD4FF0010084F85E
:108B700084004FF02400C4F888002068056802686B
:108B800022F0010202602068826822F0606241EAFD
:108B900002018160204605F0CFFD206805604FF09E
:108BA0002000C4F888004FF0000084F88400C0B2B0
:108BB000B0BD000000000000B0B5044694F8840089
:108BC000012802BF0220C0B2B0BD4FF0010084F8FE
:108BD00084004FF02400C4F888002068056802680B
:108BE00022F0010202602068826822F0604241EABD
:108BF00002018160204605F09FFD206805604FF06E
:108C00002000C4F888004FF0000084F88400C0B24F
:108C1000B0BD000000000000704700000000000030
:108C20007047000000000000D0F88810212909D109
:108C3000016851E8021F026841F0800142E8021316
:108C4000002BF5D1D0F88C10222923D101680822FD
:108C50000A62016951B100BF016851E8001F026852
:108C600041F4807142E80013002BF5D1016851E80E
:108C7000021F026841F0010142E80213002BF5D106
:108C8000016851E8021F026841F0400142E8021306
:108C9000002BF5D100207047B0B50446D4F88810F9
:108CA000D4F88C502068806821291AD110F08000F7
:108CB00017D000BF206850E8020F216820F0800024
:108CC00041E80202002AF5D1E06F38B1FAF78CFAD8
:108CD00020B1E06FFAF784FF202821D0204605F06C
:108CE0001BFF206881680020222D23D111F0400154
:108CF00020D000BF206850E8020F216820F040001B
:108D000041E80202002AF5D1D4F8800070B1FAF7E8
:108D10006BFA58B1D4F88000FAF762FF202805D129
:108D20001020C4F890000320C0B2B0BD204605F06A
:108D3000AFFE0020C0B2B0BD7047000000000000D0
:108D4000B0B504462268D16940F62F0001EA00035D
:108D50001068D2F808E0202B0DD100F020020EF0B0
:108D600080531A4307D0616F002900F0F28120463A
:108D7000BDE8B040084740F60F020A4000F09D8071
:108D800040F22012C0F2004202400123C1F200036F
:108D90000EEA030C52EA0C0200F08F80CA0718BFDB
:108DA00010F4807208D0226801231362D4F8902056
:108DB00042F00102C4F890200EF001038A0709D5A1
:108DC00043B1226802251562D4F8902042F00402D3
:108DD000C4F890204A0709D543B1226804231362DE
:108DE000D4F8902042F00202C4F890200A070DD572
:108DF00000F0200252EA0C0208D022680823136215
:108E0000D4F8902042F00802C4F890200A050CD54E
:108E100010F0806209D022684FF400631362D4F826
:108E2000902042F02002C4F89020D4F89020002A2C
:108E300000F08F8111F020011EBF00F020000EF025
:108E4000805150EA010004D0616F00291CBF204608
:108E50008847D4F8900000F028002168896801F064
:108E60004001084300F0B380204605F011FE206861
:108E7000806810F0400F00F09E8000BF206850E82E
:108E8000020F216820F0400041E80202002AF5D1DB
:108E9000D4F88000002800F08E804EF63111C0F624
:108EA00000010165FAF770FC002800F05281D4F847
:108EB0008000016DBDE8B040084701EA0003DA0612
:108EC000E26E42D5012A40D120681021016220685B
:108ED000806810F0400F46D1B4F85C00B4F85E1022
:108EE000B4F85E20002A1EBF401A81B2002900F0AB
:108EF000308100BF206850E8000F226820F4907095
:108F000042E80003002BF5D14FF6FE70CEF6FF705D
:108F1000226852E8022F0240236843E80225002D10
:108F2000F6D12020C4F88C000020E066606700BF06
:108F3000206850E8000F226820F0100042E800038B
:108F4000002BF5D102202067FEE0CA0226D51EF4D0
:108F5000800223D020684FF4801101622046BDE8D2
:108F6000B040FFF75DBED4F88000006840F20F41CA
:108F7000C4F20201884231DC6F21C4F2020188424E
:108F80004BDC3F21C4F20201884261DC1021C4F2B3
:108F90000201884200F08A80282183E00A060FD56A
:108FA00000F080020EF400052A4309D0A16F0029C9
:108FB0007FF4DDAECDE02046BDE8B040FFF7BCBE9B
:108FC0005A0620D52046BDE8B04005F091BD2046A8
:108FD000FFF7B2FE0020C4F89000BAE040F26F4103
:108FE000C4F20201884224DC40F23F41C4F2020193
:108FF000884234DC40F21041C4F20201884255D06C
:1090000040F228414EE00A0232D510F080422FD0C3
:109010002046BDE8B040FFF7FFBD9F21C4F202012A
:10902000884230DC7021C4F2020188423ED088219F
:1090300038E040F29F41C4F2020188422ADC40F24B
:109040007041C4F20201884230D040F2884129E0E8
:109050004021C4F20201884228D0582122E040F287
:109060004041C4F20201884220D040F2584119E048
:10907000C9016ED5B0F1FF3FC8BFB0BD2046BDE805
:10908000B040FFF765BDA021C4F2020188420DD0B7
:10909000B82107E040F2B841C4F20201884205D08D
:1090A00040F2A041C4F20201884202D1D4F880000B
:1090B00000680430006881B200294AD0B4F85C200E
:1090C000914246D2A4F85E00D4F88000C069B0F5A1
:1090D000807F31D0206850E8000F216820F4807034
:1090E00041E80002002AF5D1206850E8020F21680B
:1090F00020F0010041E80202002AF5D1206850E882
:10910000020F216820F0400041E80202002AF5D158
:109110002020C4F88C000020E06600BF206850E8E2
:10912000000F216820F0100041E80002002AF5D16C
:10913000D4F88000FAF758F802202067B4F85C00F1
:10914000B4F85E10401A81B22046BDE8B040FFF787
:10915000FBBCB0BD0000000010B50446DCB1D4F883
:10916000880028B9002084F88400204600F02AF8FE
:109170002420C4F888002068016821F00101016002
:10918000A06A00281CBF204605F006FB204605F01B
:109190000FFD012801D1012010BD2068416821F494
:1091A000904141602068816821F02A018160206837
:1091B000016841F0010101602046BDE8104005F062
:1091C00053BB00002DE9F043B7B0044632A8142188
:1091D000F7F7D6F802A8C021F7F7D2F82068D349EC
:1091E000D34DD44F8946D44988427ED0D349884252
:1091F00000F0DB80D249884200F03A81D1498842B0
:1092000000F0AA81D049884200F00782CF49884205
:1092100000F06382CE49884200F0BF82CD49884287
:1092200040F00883002602A84FF002080396CDF80C
:1092300008802096FDF7BCFC08B1F9F7A2FDB868DC
:1092400032A940F40020B860B86800F40020019012
:109250000198386840F001003860386800F001007B
:10926000019001980320CDE932080820CDE9346649
:1092700036902846FCF78CFDDFF8F45548463F2130
:109280004FF4806700F5806085E8430005F1140025
:109290001421C5E90367F7F773F82846FBF7A4FA2A
:1092A00008B1F9F76EFDC4F88050AC63DFF8C4551F
:1092B00009F5836040210022C5E9000105F108009D
:1092C00086C0142105F11400F7F75AF82846FBF779
:1092D0008BFA08B1F9F755FD342000210022E5672B
:1092E000AC63FDF799FA3420A2E2002602A84FF001
:1092F00002080396CDF808802096FDF759FC08B1C6
:10930000F9F73FFDB86832A940F40030B860B8689A
:1093100000F4003001900198386840F00100386096
:10932000386800F00100019001980C20CDE9320866
:109330000720CDE9346636902846FCF729FDDFF892
:109340000C5548462B214FF48067303085E84300A8
:1093500005F114001421C5E90367F7F711F8284651
:10936000FBF742FA08B1F9F70CFDC4F88050AC6382
:10937000DFF8DC5409F148002C214022002385E865
:109380008F0005F114001421F6F7FAFF2846FBF7C9
:109390002BFA08B1F9F7F5FC262000210122E56738
:1093A000AC63FDF739FA262042E2002602A84FF00E
:1093B00002080396CDF808802096FDF7F9FB08B166
:1093C000F9F7DFFCB86832A940F48020B860B868CB
:1093D00000F4802001900198386840F0080038605F
:1093E000386800F00800019001984FF44070CDE912
:1093F00032080120CDE934060720369005F540609B
:10940000FCF7C6FCDFF83C5448462D214FF480673A
:10941000603085E8430005F114001421C5E90367B5
:10942000F6F7AEFF2846FBF7DFF908B1F9F7A9FC1C
:10943000C4F88050AC63DFF8105409F178002E2195
:109440004022002385E88F0005F114001421F6F76F
:1094500097FF2846FBF7C8F908B1F9F792FC2720D7
:1094600000210022E567AC63FDF7D6F92720DFE194
:10947000002601200396029002A82196FDF798FB92
:1094800008B1F9F77EFC386932A940F02000386154
:10949000386900F0200001900198386840F004001D
:1094A0003860386800F0040001900198C0203290C4
:1094B0000220CDE9330607203596369005F5006089
:1094C000FCF766FCDD4D484647214FF4806790303D
:1094D00085E8430005F114001421C5E90367F6F798
:1094E0004FFF2846FBF780F908B1F9F74AFCC4F8AA
:1094F0008050AC63D24D09F1A800482140220023DE
:1095000085E88F0005F114001421F6F739FF28468D
:10951000FBF76AF908B1F9F734FC47200021002273
:10952000E567AC63FDF778F9472081E11000024060
:1095300000000258E0440258004400400048004047
:10954000001401400050004000780040007C0040C2
:1095500000100140004C0040002602A84FF0020815
:109560000396CDF808802096FDF722FB08B1F9F7A5
:1095700008FCB86832A940F48010B860B86800F4FC
:10958000801001900198386840F002003860386817
:1095900000F00200019001984FF44050CDE93208EC
:1095A0000E20CDE93466369005F58060FCF7F0FBBF
:1095B000AD4D484641214FF4806700F5896085E84C
:1095C000430005F114001421C5E90367F6F7D8FE3E
:1095D0002846FBF709F908B1F9F7D3FBC4F8805026
:1095E000AC63A24D09F58C6042214022002385E83E
:1095F0008F0005F114001421F6F7C2FE2846FBF790
:10960000F3F808B1F9F7BDFB352000210022E5672A
:10961000AC63FDF701F935200AE1002602A84FF0FE
:1096200002080396CDF808802096FDF7C1FA08B12C
:10963000F9F7A7FBB86832A940F08040B860B86875
:1096400000F0804001900198386840F010003860C8
:10965000386800F01000019001984FF4C070CDE917
:1096600032080720CDE93466369005F58050FCF7C6
:109670008FFB7B4D48464F214FF48067183085E8BB
:10968000430005F114001421C5E90367F6F778FEDD
:109690002846FBF7A9F808B1F9F773FBC4F8805026
:1096A000AC63704D09F5866050214022002385E8A7
:1096B0008F0005F114001421F6F762FE2846FBF72F
:1096C00093F808B1F9F75DFB522000210022E5670D
:1096D000AC63FDF7A1F85220AAE0002602A84FF0E3
:1096E00002080396CDF808802096FDF761FA08B1CC
:1096F000F9F747FBB86832A940F00040B860B86895
:1097000000F0004001900198386840F01000386087
:10971000386800F01000019001980320CDE932086C
:109720000820CDE93466369005F58050FCF730FB13
:10973000494D484651214FF4806700F58F6085E818
:10974000430005F114001421C5E90367F6F718FE7C
:109750002846FBF749F808B1F9F713FBC4F8805025
:10976000AC633E4D09F5926052214022002385E80A
:109770008F0005F114001421F6F702FE2846FBF7CE
:1097800033F808B1F9F7FDFA532000210022E5670C
:10979000AC63FDF741F853204AE0002602A84FF0E1
:1097A00001080396CDF808802196FDF701FA08B16B
:1097B000F9F7E7FA386932A940F0100038613869E2
:1097C00000F0100001900198386840F00100386006
:1097D000386800F00100019001984FF4C0603290A9
:1097E0000220CDE933080720359636902846FCF74D
:1097F000CFFA184D29204FF48061C5E900904FF44D
:109800000030C5E90266C5E90416C5E90666C5E982
:1098100008062846FAF7E8FF08B1F9F7B2FA25205A
:1098200001210022C4F88050AC63FCF7F5FF25202D
:10983000FCF7EEFF37B0BDE8F08300BFF014002462
:1098400070150024F013002470140024401B002421
:1098500070130024C01A0024C0190024401A0024E8
:1098600000180024E0180024F0150024201700241C
:10987000A00E0024C0110024D0F88C30202B25D15C
:109880000123002918BF002A21D080B50023C36618
:10989000D0F800C040F60043C5F600039C451CBF4D
:1098A000DCF8043013F4000F0CD000BF036853E859
:1098B000003FD0F800C043F080634CE8003EBEF1AA
:1098C000000FF3D1BDE8804005F092BC0223D8B26E
:1098D000704700000000000070470000000000001A
:1098E000704700000000000010B513460446D4F88D
:1098F000880020281EBF0220C0B210BD002918BF5A
:10990000002B28D02165A4F85430A4F8563000214B
:10991000C4F890102120C4F88800E06FF0B14EF632
:109920004122C0F600024EF6892CC0F6000CC0E9B8
:109930000F2C4EF64112C0F60002C0E91321226836
:10994000216D2832FBF700FA40B11020C4F89000D6
:109950002020C4F888000120C0B210BD206840213A
:10996000016200BF206850E8020F216840F08000CB
:1099700041E80202002AF5D10020C0B210BD00006B
:10998000704700000000000070470000012080F3D5
:109990001388BFF34F8F05480168054A01F4E06161
:1099A00011430160BFF34F8F00BFFDE70CED00E0F6
:1099B0000400FA052DE9F0472DED164B8448D0E957
:1099C0000001CDE906018348D0E90001CDE9040199
:1099D0008148D0E90001CDE9020102F051FD7F4844
:1099E000F9F7B8F84FF4F070F9F738F89FED7D8A81
:1099F000DFF8F8819FED7A0A7B4DB1EE049AB0EE64
:109A0000491A4046F0EE480AF0EE481AA84708F115
:109A10002C0AB2EE000AF0EE480AB0EE481AF0EE58
:109A2000481A5046A847DFF8C891B2EE04AAB7EE2C
:109A300008CAB0EE00BAF0EE481AB0EE4A0AF0EEEC
:109A40004C0AB0EE4B1A4846A84709F12C07B0EE75
:109A50004A0AF0EE4C0AB0EE4B1AF0EE481A3846BD
:109A6000A8479FED64CA654C9FED631AF0EE081A93
:109A7000B0EE4B0A2046F0EE4C0AA8479FED60DAA4
:109A8000DFED601A04F12C00F0EE480AB0EE481A3F
:109A9000B0EE4D0AA8475C4CB0EE490AF0EE480A19
:109AA000B0EE481AF0EE4B1A2046A8479FED570A31
:109AB00004F12C06F0EE4A0AB0EE481AF0EE4A1A0B
:109AC0003046A847B1EE08EA2046F0EE4C0AB0EE68
:109AD000481AF0EE4B1AB0EE4E0AA8473046B0EEE8
:109AE0004D0AF0EE4A0AB0EE481AF0EE4A1AA847BC
:109AF000484CDFED470AF0EE041AB0EE4E0AB0EE25
:109B0000481A2046A8479FED440A04F12C00F0EEC5
:109B1000480AB0EE481AF0EE481AA8473F4CB0EE9B
:109B2000490AF0EE480AB0EE481AF0EE481A20460C
:109B3000A847012002A906AA04AB0090384800F00B
:109B400035FB384804F12C0321464246F6F7E0FF86
:109B5000354849463A465346F7F716F833483449EC
:109B6000344CA04734483549A04735483549A047CB
:109B700035483649A04736483649A0473648374920
:109B8000A04737483749F8F701F93748F8F70AF896
:109B900036483749F8F7FAF83648F8F703F8364800
:109BA00002F08CFA3548483001F062FC34483549FF
:109BB00004F07CFD344804F04EFD3448344904F090
:109BC00075FD344804F047FDBDEC164BBDE8F08749
:109BD000C82C0108D02C0108C02C0108782B0024C7
:109BE000000070420000000001160008A0170024C9
:109BF000801800240AD7A33C0000C8C2200F00240C
:109C00000000FA440000C842701600240080BB44E3
:109C10000AD7233D4012002400007A446019002432
:109C2000601D0024C00A0024B81B0024E026002484
:109C3000DD18000845F300089C280024D91A000804
:109C400074270024ADD300084C260024892C00087A
:109C500008280024D9190008C429002489F4000820
:109C60004C230024051B000820000024EC230024C2
:109C7000551B0008300000242C0E00246C0D00241D
:109C8000B425002479E00008E00F002468250024B2
:109C90003DE00008F80F0024F8B52DED028B0E46CC
:109CA00004461546F08894ED000A94ED051A04F177
:109CB0002401A0F5806002EE100AB8EEC22A01EE7F
:109CC000420A84ED000AB07A012808BF04F1480175
:109CD000B08894ED0E0A91ED001AA0F5806002EEB6
:109CE000100AB8EEC22A00EE021A81ED001A287896
:109CF000002800F0FC80DFF8840400214160DFF8D8
:109D00008414DFF8780491ED000AB5EE400AF1EE14
:109D100010FA28D0017831BB717A022902BFDFF82E
:109D2000681491F82C1804291DD1DFF854149FED04
:109D3000E32A9FEDE31A9FEDE44B91ED093AB4EE6F
:109D4000C20A30EE011AF1EE10FA31FE000AB7EE47
:109D5000C00AB7EEC31A00EE041BB7EEC10B81EDCB
:109D6000090A012101702978D1B9AA7A012A17D1EB
:109D7000DFF80024927A02F0F002402A10D18268C3
:109D8000531C836040F6B8339A420BDBDFF8F023B4
:109D90009FEDE60A92ED091A31EE000A82ED090AFA
:109DA0000022826095F84408012808BF002909D1E3
:109DB000A87A38B90226284621462E70F8F700F80E
:109DC00085F844689FEDDA0A94ED152A9FEDD91ABB
:109DD000BBEE033AED499FEDE24BB4EEC02A9FED96
:109DE000DA2BF1EE10FA33FE010AB0EE083B84EDF7
:109DF000CE0A9FEDE80AD4F880002063D4F8CC00A6
:109E0000E060D4F818016065B4F8760000EBD0305B
:109E100000B24008A086B4F80E01A4F85800B4F8C7
:109E2000C2002082C86DA062D9480068026AE2645C
:109E300091ED051A21EE000A9FEDC51BB7EEC00A91
:109E400020EE020B20EE010B20EE030B9FEDC23B38
:109E5000B7EEC00B84ED0B0A90ED030AB7EEC00A13
:109E600020EE020B20EE030B20EE040B9FEDBE4B09
:109E7000B7EEC00B84ED020A91ED050A90ED053AAC
:109E8000642133EE400AB7EEC00A20EE020B20EE4A
:109E9000040B20EE010B30EE000BB7EEC00B84ED8F
:109EA000140A90ED070ABC48B1EE400A84ED010A9D
:109EB000406890FBF1F202FB110194F8320399B96A
:109EC00090B92878002856D094EDD01A94ED120A53
:109ED000BAEE042A31EE021AB4EEC10AF1EE10FA1B
:109EE0002DDD9FEDAE0A37E001283ED043E0A048CB
:109EF000807A022806D09F48807A00F0F00040283F
:109F00007FF4F9AE95F8440802281EBF9A480088ED
:109F100000283FF4F0AE994943F2B062486801303E
:109F20009042486000F28080D4F820030130C4F8E9
:109F30002003D4F824030130C4F8240385E094ED11
:109F4000CF1AB2EE042A31EE021AB4EEC10AF1EED3
:109F500010FA10DA9FED920A94ED091A012031EE01
:109F6000000A84ED090A84F83203B4F830030130A2
:109F7000A4F8300301E0B4F8300380B2B0F5FA7F02
:109F800022BF0020A4F8300384F8320394ED120AB3
:109F9000D4EDCF0A94EDD01A05F075FE84ED120AC7
:109FA00094ED000A94EDCD1AD4EDCE0A05F06BFEC7
:109FB00084ED000A05F03EFFD4E9100594ED090A8E
:109FC000D4ED0A0A774EB047D4ED0B0A764F2846F7
:109FD000B847C4F8A000D4E9070594EC020AB047DA
:109FE000D4ED020A2846B847C4F8EC00D4E91905B4
:109FF00094ED120AD4ED150AB04794ED141A2846D0
:10A00000F1EE410AB8470025C4F8380106E06019AE
:10A01000D0F8A0106C3002F08FFE4C35E42DF6D154
:10A02000BDEC028B01B0F0BD43F69922904203D300
:10A0300004F54970043105E00020C4F8200304F55C
:10A040004970014600220A60006894EDCB0A01EED7
:10A05000100AB8EE411AAF7A20EE010AB7EEC00A34
:10A0600007F092FAB0EE401B94EDC80A94EDCA2AAC
:10A07000002FB8EE400A22EE000AB7EEC00A27D041
:10A080009FED2D2B3E4821EE021BB7EEC11B80ED4C
:10A09000121A07F079FAB0EE408B94EDC80A94EDED
:10A0A000CA1AB8EE400A21EE000AB7EEC00A07F05D
:10A0B0006BFAB1EE402BB3EE093B26E000003443CF
:10A0C0000000B4C300BF00BF6666666666A64CC0EB
:10A0D0009FED1B2B2A4821EE021BB7EEC11B80ED22
:10A0E000121A07F051FAB0EE408B94EDC80A94EDC5
:10A0F000CA1AB8EE400A21EE000AB7EEC00A07F00D
:10A1000043FAB1EE402BBBEE093BB5EEC08B1C48C9
:10A11000B1EE041BF1EE10FA30FE020B00EE031B51
:10A12000B7EEC10B80ED000AE9E500BF000034C3C3
:10A130000000744200000CC20000000000C0524049
:10A140000000000000805140FCA9F1D24D62503F58
:10A1500000000000000049400000000000C062C094
:10A16000295C8FC2F5A84C400000000000C062408E
:10A17000782B00247C2E0024003000246010002462
:10A18000601D002444230024500100242C0E0024D0
:10A19000A8200024000016C3E00F00240000704235
:10A1A000000070C285150008151600082DE9FC474F
:10A1B000DFF8A0A00446984616460F4640F205294F
:10A1C00041F20D610122022304F16C00CDF80090F0
:10A1D000D0470A9D40F2062041F6513101220090FD
:10A1E00004F1B8002B46D04704F5827041F2247187
:10A1F00001222B46CDF80090D047D7E90012164D2A
:10A2000004F11C00A847D6E9001204F14000A84759
:10A21000D8E9001204F16400A847104860611048B2
:10A22000A0631048A0611048E0631048C4F82C03F4
:10A230000F48C4F828030F48C4F834030E48C4F884
:10A2400038030E48C4F83C030D48C4F8400302B07C
:10A25000BDE8F087CDCD00084D2B000889D25EBA4D
:10A260006F12833AA69BC4BBA69BC43BF4FD543B30
:10A27000F4FDD43B0000E84100000CC20000AAC27B
:10A28000000096420148FBF7EFBE00BF8C2400247B
:10A2900010B50446FBF7C8FE2046BDE81040FBF7AA
:10A2A000F3BE00000000000001688A6912F0020F8E
:10A2B0001CBF00228A620068816911F0010F02BF91
:10A2C000816941F0010181617047000000000000D8
:10A2D000F0B581B016460D4604462068816911F03C
:10A2E000100F02D1002500203EE01021C16120683E
:10A2F000806910F0200F32D16F1C00BF2FB1FBF727
:10A3000037FE45B1801BA84205D82068806910F04F
:10A31000200FF3D023E02068426894F8423081692E
:10A32000202B0DD012F480420AD111F4004107D045
:10A33000416841F480414160FBF71AFE064600BFC8
:10A340002068806910F0200FDFD1FBF711FE801B21
:10A350001A28F5D3206880690120242504E02068AC
:10A360002021C161012004252268916911F4807FB8
:10A370001FBF4FF48070D06145F0010501204A05F0
:10A3800006D520684FF48062C26145F008050120BF
:10A39000890505D4002802BF002001B0F0BD05E00A
:10A3A00020684FF40071C16145F002052046FFF7B7
:10A3B0007BFF206841684EF60002CFF60062114034
:10A3C0004160606C28436064202084F841000020D4
:10A3D00084F8420084F84000012001B0F0BD000084
:10A3E0002DE9F04182B01E461546044642F20000B7
:10A3F000C8F200000090F2B22046002300F064F89A
:10A40000DDE90887204641463A4600F0FDF818B1DC
:10A41000012002B0BDE8F081012E09D02068290A90
:10A420008162204641463A4600F0EEF80028EFD11E
:10A430002068E9B28162009720464021002243460D
:10A4400000F05EF8002818BF012002B0BDE8F081DE
:10A450002DE9F04182B01E461546044642F2000046
:10A46000C8F200000090F2B220464FF0807300F076
:10A470002BF8DDE90887204641463A4600F0C4F84B
:10A4800018B1012002B0BDE8F081012E09D020688A
:10A49000290A8162204641463A4600F0B5F8002874
:10A4A000EFD12068E9B28162009720468021002226
:10A4B000434600F025F8002818BF012002B0BDE88F
:10A4C000F08100000000000010B5DDF808C04FF476
:10A4D000806E0EEA5C5E8EF07C4E8EF41C4E006840
:10A4E000446804EA0E046FF39F21194341EA0241D4
:10A4F00041EA0C0121F000412143416010BD000000
:10A500002DE9F04381B01D4616460F4604462068EB
:10A5100080693840C01BB0FA80F04009B04225D1B4
:10A52000DDF8208005F10109204629464246FFF763
:10A53000CFFE58BBB9F1000F0FD0FBF719FD1DB1CD
:10A54000A0EB0800A84208D9206880693840C01BE9
:10A55000B0FA80F04009B0420CD0206880693840E1
:10A56000C01BB0FA80F04009B042DDD0002001B03D
:10A57000BDE8F083606C40F020006064202084F827
:10A580004100002084F8420084F84000012001B01E
:10A59000BDE8F0830000000070B515460E46044685
:10A5A0002068806910F0200F1CBF002070BD06E0FD
:10A5B0002068806910F0200F1CBF002070BD20466D
:10A5C00031462A46FFF784FE00281CBF012070BDDB
:10A5D000FBF7CEFC16B1401BB042E9D92068806978
:10A5E00010F0200FE4D1606C40F020006064202067
:10A5F00084F84100002084F8420084F840000120E3
:10A6000070BD000000000000F0B581B015460E4698
:10A6100004462068806910F0020F18D1771C00BF33
:10A62000204631462A46FFF753FEF8B957B1FBF7EB
:10A630009FFC16B1401BB04204D92068806910F01D
:10A64000020F07D02068806910F0020FE8D00020C8
:10A6500001B0F0BD606C40F020006064202084F800
:10A660004100002084F8420084F84000012001B03D
:10A67000F0BD0000B0B504464F4DD4F8EC000168C1
:10A68000296101EE101A42686A6100EE102A83689F
:10A6900020EE000A01EE010AAB6101EE103A90EDE6
:10A6A000032A01EE010A85ED072A02EE020A05F0EF
:10A6B000FFFA002085ED080A09E0D4F8EC10014407
:10A6C000043091ED001A20EE011A81ED001A1028D5
:10A6D000F3D13A4895ED051AD4F80011B6EE002AE8
:10A6E000BEEE006A90ED6F0A21EE000A20EE020A2B
:10A6F00081ED040A90ED6F0A95ED063A23EE000A0B
:10A7000020EE020A81ED050A90ED6F0A95ED044AEC
:10A7100024EE400A20EE020A81ED0A0A90ED6F0A4B
:10A7200095ED075A25EE000A20EE020A81ED0B0A8C
:10A7300090ED6F0A25EE000A20EE060A81ED100A60
:10A7400090ED6F0A24EE400A20EE020A81ED110A14
:10A7500090ED6F0A23EE000A20EE020A81ED160A40
:10A7600090ED6F0A21EE000A20EE060A81ED170A2D
:10A77000D4F8F81090ED740A91ED1C1A81EE002ABD
:10A7800081ED1C2A90ED740A91ED231A81EE000AE6
:10A790009FED0B1A81ED230AB4EEC12AF1EE10FAF7
:10A7A000B4EEC10AC4BF06480867F1EE10FAC4BF90
:10A7B0000348C1F88C00B0BDD0160024D02000247E
:10A7C00000401C4670B5274D044601200026062196
:10A7D00000220323287005F5D87080EC030AB7EE39
:10A7E000000A214881FEC00AC5F8CC01281D85F861
:10A7F0003861C5E95066C5E9526685ED740A85ED94
:10A80000642A00F039FF05F5E07005F5E4730121D5
:10A81000012205F097F8D5F8EC0004E054F8261072
:10A8200040F826100136042EF8D110481349902222
:10A83000C5F8D0000E48C5F8D4000E48C5F8D800B9
:10A840000D48C5F8DC0040F20110E885D5F8040198
:10A85000F5F76FFDD5F8FC0014499022F5F769FD76
:10A8600070BD00BFD020002477CC2B3281A8000817
:10A8700075A60008B9A8000825AD0008582E0108E3
:10A8800010B5044609489022D4F8F810F5F751FDA8
:10A89000D4F81C1106484822F5F74BFDD4F80C11EA
:10A8A00004484822F5F745FD10BD00BF300A0024DA
:10A8B000701100242013002410B52DED088B0446E0
:10A8C0002349D4F8EC0090ED000A30EE008A81EDC7
:10A8D000098A90ED010A30EE009A81ED0A9A90ED16
:10A8E000020A30EE00AA81ED0BAA90ED030A194886
:10A8F00030EE00BA008881ED0CBAA27B217B504378
:10A900004143D4F80C01F5F73BFDD4F80C01B1EE4E
:10A910004A0AB1EE481A80ED000A80ED01BA80EDD6
:10A92000021AB1EE491A80ED039A80ED069A80ED85
:10A93000078A80ED08BA80ED09AA80ED0C8A80EDC7
:10A940000D1A80ED0E0A80ED0FBABDEC088B10BD1C
:10A95000D016002468110024F8B52DED108BE74CBB
:10A96000B0EE43BAB0EE429AB6EE004AE44DE54985
:10A970009022B0EE628AB0EE61AA84ED6FBA94EDD7
:10A98000582A30EE420A84ED5B0A20EE04CA94EDA8
:10A99000592A2CEE0BEA85ED00EA30EEC22A84ED4E
:10A9A0005C2A22EE04DA94ED5A3A6DEE0B8AC5ED7C
:10A9B000018A31EE430A84ED5D0A20EE04FAD4F8F0
:10A9C00004016FEE0B9AC5ED029AF5F7B2FCD4F8CC
:10A9D00004012CEE4B0A2DEE4B1A2FEE4B2A80ED84
:10A9E000010A80ED021A80ED032A80ED06EAC0ED2F
:10A9F000089A80ED091AC0ED0C8A80ED0D2A80EDD1
:10AA00000FEAC0ED129AC0ED138A80ED140AD4E962
:10AA10005201084306D094ED5E2A94ED5F1A94ED3E
:10AA2000600A0BE0B0EE480AB0EE491AB0EE4A2ACE
:10AA300084ED5EAA84ED5F9A84ED608A94ED643AB9
:10AA400094ED6F4A33EE046A23EE011A24EE097A7C
:10AA500024EE0A5A22EE032A23EE000A24EE083AD4
:10AA600081EE061A87EE067A85EE065A82EE062AEF
:10AA700080EE064A83EE063A37EE011A32EE052AD8
:10AA800033EE043A21EE010A84ED5E2A84ED5F1A6A
:10AA900084ED603A02EE020A03EE030A05F008F9BB
:10AAA000A068002185ED030A08E0621892ED5E1AA5
:10AAB0004218043121EE001A82ED001A0C29F4D15B
:10AAC00094ED5C0A94ED5B1A94ED5D2A20EE000A89
:10AAD00001EE010A02EE020A05F0EAF895ED032AFA
:10AAE000B7EE001A9FED883A9FED894A00200021B9
:10AAF000002781EE000A84ED650A81EE021A9FEDBF
:10AB0000832AB4EEC30AF1EE10FA84ED661AB8BFD8
:10AB10000120B4EEC21AF1EE10FAB4EEC41AC8BFA6
:10AB20000121F1EE10FA00EA01004FF00001B8BF78
:10AB30000121084084F8390194ED6C0A94ED6F1AF4
:10AB4000D4F8180120EE010A80ED000A94ED6C0A99
:10AB500094ED6F1A20EE010A80ED070A94ED6C0A5D
:10AB600094ED6F1A20EE010A80ED0E0A94ED6C0A46
:10AB700094ED6F1A20EE010A80ED150A94ED6D0A2E
:10AB800094ED6F1A20EE010A80ED1C0A94ED6D0A17
:10AB900094ED6F1A20EE010A80ED230AD4F81C010F
:10ABA000D4F8B8110160D4F8B8110161D4F8B81123
:10ABB0000162201D01F06AF86068BFEE008A01683A
:10ABC000C4F8501101EE101A4268C4F8542100EE86
:10ABD000102A836820EE002A01EE012AC4F85831B9
:10ABE00003EE103A32EE022AC56820EE030A72EE36
:10ABF000080AC4F85C5103EE105A066901EE030A14
:10AC0000C4F8606130EE000A4069C4F86401C4F819
:10AC1000687105F021FE9FED3F9A20EE090A84ED50
:10AC20006A0A94ED573A94ED562A94ED540A94ED3D
:10AC3000551A23EE034A22EE032A00EE004A00EEE4
:10AC4000012A34EE041A32EE020A71EE080A05F007
:10AC500003FE20EE090A84ED690A94ED551A94ED7D
:10AC6000573A94ED540A94ED562A21EE031AB8EEA1
:10AC7000003A00EE421A21EE030A05F089FB20EEAD
:10AC8000090A9FED252A84ED680A94ED6A0A94ED7D
:10AC9000761A30EE411AB4EEC21AF1EE10FA02DD65
:10ACA0004FF6FF7007E09FED1D2AB4EEC21AF1EED9
:10ACB00010FA06DA0120B4F8D4110844A4F8D4013B
:10ACC00001E0B4F8D4019FED161A00B2B0EE403A9C
:10ACD00002EE100AB8EEC22A02EE013A84ED6B3A97
:10ACE00084ED760AD4E95201013041F10001C4E952
:10ACF0005201BDEC108B01B0F0BD00BFD02000248C
:10AD0000D0160024582E01089A99993ECDCC1441B2
:10AD1000CDCC2441E12E654200003443000034C311
:10AD20000000B4432DE9FE4F044604F1780504F118
:10AD300080062846314604F089FF84F8C80004F1F3
:10AD4000A80704F15801B4F878003A46A4F8A8001E
:10AD5000B4F85A00A4F8AA002846019104F01CFF98
:10AD600084F8C80004F1B0083146B4F8A80042469F
:10AD7000A4F8B000B4F88200A4F8B20038460296F5
:10AD800004F00AFF84F8C800254635F8900F2882A1
:10AD900005F110062946688832466882404604F06C
:10ADA000B7FD84F8C8003046414604F0CFFD84F872
:10ADB000C800BA4A05F1280AE86D0168516302EE3D
:10ADC000101A436822EE025A936300EE103A866826
:10ADD00000EE405AD66303EE106AB14EC06803EE2F
:10ADE000435A106401EE100A0120B4F8782020EED6
:10ADF000014A23EE016A01EE015A02EE434A02EED5
:10AE0000006A2A85688534EE040A36EE062AD5F8EB
:10AE10009C00002580ED000A80ED012A80ED025A99
:10AE20000CE0D4F82C01284490ED000A05F024F938
:10AE300005F02AF97019043580ED610A0C2DF0D166
:10AE400025464FF00109514635F8480F05F1780BBA
:10AE5000A5F878002846A5F87A905A4604F0DCFE5A
:10AE600085F8800059463A46B5F87800A5F86000A4
:10AE70004046A5F8629004F08FFE85F88000A5F8A2
:10AE800070905146B5F87800A5F87200584604F065
:10AE9000DDFE85F8800006F5E0725046394604F084
:10AEA0007BFE85F88000B6EE002A96ED731A96EDCB
:10AEB000720A21EE022AB4EEC20AF1EE10FA03DAA7
:10AEC000002086F8389104E096F83801B0FA80F056
:10AED0004009B4EEC10AF1EE10FA15DDA0B9D6E9C9
:10AEE000501096F83921013140F10000002A04BFCA
:10AEF00011461046C6E95010333970F1000014D3E2
:10AF0000002086F8380133E09FED672A00220021F7
:10AF100021EE022AB4EEC20AF1EE10FAD8BF0122E5
:10AF2000104319D0B7EE000A1EE05E4D207B298841
:10AF300000FB01F2D4E93A01F5F7FBF92888217BFF
:10AF4000484300FB01F2D4E93E01F5F7F2F9012094
:10AF500084F82C00BDE8FE8F9FED542A31EE400AA4
:10AF600021EE021A80EE010A86ED670AC6E9501149
:10AF700000253A4684F82C50B4F85800A4F8A800EC
:10AF8000B4F88200A4F8AA00DDE9010104F004FE8F
:10AF900004F1980984F8C800384641464A4604F04E
:10AFA000FBFD84F8C800B4F89800B4F89A10414347
:10AFB0000CE0D4F81C3196ED670A013503EB8202F0
:10AFC00092ED001A20EE010A82ED000AEAB29142E7
:10AFD000EFD89FED370A0421302218E006EB8103F9
:10AFE000002703F5BA730EE0D4F81C5193ED001A54
:10AFF000154481EE001A3D44043795ED002A21EEF8
:10B00000021A85ED001A0C2FEED10C3201310629FF
:10B01000E4D1A4F8B800012059465246A4F8BA0079
:10B02000484604F0B9FD84F8C80096F8380128B302
:10B030009FED200A9FED201A10201DE0D4F8BC10CF
:10B0400096ED6F2A014422EE004A043091ED003A59
:10B05000B4EEC43AF1EE10FAC2BF81ED004A96EDAB
:10B060006F2AB0EE443A22EE012AB4EEC23AF1EE73
:10B0700010FAB8BF81ED002A1828DFD1D4F8BC003F
:10B08000002104F13002C16004F13800514604F09F
:10B090003FFC84F8C800BDE8FE8F00BFD016002436
:10B0A000D020002468110024CDCCCC3D6666663FDC
:10B0B000DA0FC93F0AD7233C0AD723BC000000009F
:10B0C00070B52DED0A8B784D044605F10800F7F7B1
:10B0D0007FFC764E94ED055AB6EE008B96ED053A60
:10B0E00096ED064A96ED042A96ED031A25EE036ABC
:10B0F00024EE057A65EE020AB7EEC22A21EE055A61
:10B10000B7EEC11AB7EEC33A20EE066A20EE077A10
:10B1100060EE200A20EE050AB7EEC66AB7EEC77ADF
:10B12000B7EEE05A06EE082B07EE481B05EE483B4B
:10B13000B7EEC29BB7EEC42AB7EEC04AB7EEC1ABBA
:10B1400029EE090A04EE082BB7EEC38B0AEE0A0AB1
:10B15000B7EEC2BB08EE080A0BEE0B0A04F0A8FD1E
:10B1600020EE081AB8EE00CA20EE0A2A20EE093AAC
:10B1700020EE0B0AB7EE008A21EE0C4A33EE035A9A
:10B1800030EE006A32EE027A86ED032A86ED043A4A
:10B1900086ED051A86ED060A21EE044A21EE055ACF
:10B1A00000EE464A00EE075A34EE084AB7EEC50AEA
:10B1B000B7EEC41A05F070FA9FED399B20EE090B2B
:10B1C000B7EEC00B84ED140A96ED030A96ED041A4F
:10B1D00096ED052A96ED063A30EE000A21EE0C1A9D
:10B1E00020EE020A01EE030AB7EEC00A04F0D8FF0F
:10B1F00020EE090BB7EEC00B84ED160A96ED041A8B
:10B2000096ED030A96ED052A96ED063A21EE0C4AD4
:10B2100030EE000A32EE025A21EE044A20EE010A14
:10B2200002EE454A05EE030A34EE081AB7EEC00AEC
:10B23000B7EEC11A05F030FA20EE090B9FED1C2A7B
:10B24000B7EEC00B84ED150A95ED031A94ED140AC0
:10B2500030EE411AB4EEC21AF1EE10FA01DDFF2011
:10B2600007E09FED142AB4EEC21AF1EE10FA04DAE8
:10B27000012071780844707000E070789FED0E1A1C
:10B2800040B2B0EE403A02EE100AB8EEC22A02EE28
:10B29000013A84ED173A85ED030ABDEC0A8B70BDC7
:10B2A0000000006094A94CC0F0120024C0000024EB
:10B2B00000003443000034C30000B4432DE9F041E2
:10B2C0002DED066BDFF8788105464046F7F780FBE9
:10B2D00088ED010A284698ED021A30EE010A88ED41
:10B2E000020AA96C88475748B0F88010B0F882204D
:10B2F000B0F8840011430843000411D02868524973
:10B30000886400EE100A6A68CA64AA680A6500EEDA
:10B31000902AEB684B652B698B656B69CB6508E000
:10B320004A48016801310160474890ED120AD0EDAA
:10B33000140A05F091FA9FED461A9FED468A424D98
:10B3400020EE010A80EE080A85ED100A95ED130A39
:10B35000D5ED140A05F080FA9FED3F1A05F148007B
:10B3600098ED013A20EE010A80EE080A85ED110AF7
:10B37000D0EC031A05F1540090EC030AFFF7ECFA45
:10B38000364C05F1700C374F05F1700604F5A873C3
:10B390000FCBACE80F00324805F11C013246B8472C
:10B3A000314805F128013246B847954805F1340186
:10B3B0003246B8472D4801AF32463946F7F76EFCA2
:10B3C00098ED010A00201AE029183A1895ED064A6E
:10B3D000043092ED001A91ED123A91ED002A33EE0D
:10B3E000411A30EE043A24EE022A21EE001A82EECF
:10B3F000032A81EE031A31EE021A81ED001A0C289D
:10B40000E2D105F10C0128463246F6F745F9D4F8A9
:10B41000A80105F148013822A866D4F8A40168669D
:10B42000D4F8A0012866D4F8AC0108F10C04E86651
:10B430002046F4F77EFF2046BDEC066BBDE8F081A8
:10B44000801000246C0D0024EC2A0024742B0024AE
:10B45000000034C3DB0F494000003443D0200024F7
:10B460001C3101089916000828310108E82E01084E
:10B470007FB5044619481A491C4EC0F88C1019496A
:10B48000C0F890101848046096F8800018BB616CF2
:10B49000204688470028FAD100206D462146CDE994
:10B4A0000200CDE90000284600F02CF8DFED100A7C
:10B4B0009FED101A9FED102AB2EE040AF7EE001A63
:10B4C0002846FFF77FF90D48B0610D48F7F780FA7D
:10B4D000012086F8800004B070BD00BF6C0D002410
:10B4E000110F000899130008A4200024EC2A00245E
:10B4F0006F12833A002474490000000096430B3C0D
:10B5000080100024F8B52DED123B04463C4800267F
:10B510009FED3C9A0D469FED3D8A0996CDE9076661
:10B52000D0E900128068B0EE49AAB0EE49BA0690A0
:10B53000CDE904120396CDE9016619E0A96C28460D
:10B54000884795ED000A30EE0BBA8DED07BA95ED00
:10B55000010A30EE0AAA8DED08AA95ED020A30EE36
:10B56000099AB0EE480A8DED099AF7F71BFA0136F1
:10B57000F0B26428E2D39FED240A002007A907E077
:10B580000A18043092ED001A81EE001A82ED001ABA
:10B590000C28F5D107AE304601F06DFD04AF304602
:10B5A0003946F7F7C0FA04F06FFD01AD3046394671
:10B5B000B0EE408A2A46F6F74BFE284601F05BFDC6
:10B5C000B6EE000A28EE008AB0EE480A05F0C4FA8A
:10B5D000A4EC010A00260CE0A819B0EE480AA7194D
:10B5E00090ED009A06F028F829EE000A043687ED5F
:10B5F000000A082EF0D1BDEC123B01B0F0BD00BF37
:10B6000034310108000000000000C8426F12833A84
:10B61000F0B51849DFF898EA4FF0000C42F21173C8
:10B6200001200022082A08BFF0BD0EEB020431F809
:10B63000125094F86060022E04BF013521F81250B8
:10B64000ADB29D4201EB420524BF84F8600021F8B1
:10B6500012C0013294F858702E8A022F04BF0136AE
:10B660002E82B6B29E4224BF84F85800A5F810C0BE
:10B67000D8E700BFAC2000242DE9FE4FDFF8FC9690
:10B6800004460420DFF844B31D4692468846A9F8D4
:10B6900000000820A9F80200002084F80C8084F83B
:10B6A0000DA0A57320742846D84729466061F4F799
:10B6B00067FEAF003846D8473946A061F4F760FE10
:10B6C0003846D8473946E061F4F75AFE4FEA880613
:10B6D0003046D84731462062F4F752FE2846D84714
:10B6E00029466062F4F74CFE3046D8473146206068
:10B6F000F4F746FE3846D84739466060F4F740FE16
:10B700004FEA8A073846D8473946A060F4F738FE32
:10B710003046D84707463146C4F8E870F4F730FEA3
:10B7200004F13000414601223B4604F00BF9B9F820
:10B73000000000FB08F63046D84707463146C4F8FB
:10B74000EC70F4F71DFE217B04F1380001223B462A
:10B7500004F0F8F8BAF1000F13D0E848008800FBB5
:10B760000AF6304606F0F0FA07463146C4F8F070A3
:10B77000F4F706FE617B04F1400001223B4604F031
:10B78000E1F8DFF8F8950295B9F8000000FB05F63E
:10B790003046D84707463146C4F8F470F4F7F0FD58
:10B7A000A17BCDF804A0DFF828A204F14800012213
:10B7B0003B46D047B9F8000018FB08F505FB00F63A
:10B7C0003046D84707463146C4F8F870F4F7D8FD3C
:10B7D000217B04F150003B460A46D047B9F80000EF
:10B7E00005FB00F63046D84707463146C4F8FC70E2
:10B7F000F4F7C6FD217B04F158003B460A46D047CA
:10B80000B9F80000009505FB00F63046D84707461A
:10B810003046C4F80071D847054638463146C4F86A
:10B820000451F4F7ADFD28463146F4F7A9FD217B1C
:10B8300004F160003B460A46D047217BD4F804312E
:10B8400004F168000A46D0470198A8B1AB4910FB43
:10B8500008F0098800FB01F5284606F075FA06464F
:10B860002946C4F80861F4F78BFD217B627B04F163
:10B870007000334604F066F8A048DDF808900146F1
:10B8800019FB08F208880192884602FB00F5284659
:10B89000D84706462846C4F80C61D84707463046C4
:10B8A0002946C4F81071F4F76BFD38462946F4F7C1
:10B8B00067FD227BA17BDFF818A104F178003346F5
:10B8C000D047D4F81031217BA27B04F18000D0470F
:10B8D000B8F80000009901FB00F52846D847064655
:10B8E0002946C4F81461F4F74BFD217B04F188006C
:10B8F00033460A46D047B8F8000019FB09F101FBAE
:10B9000000F52846D84706462946C4F81861F4F7DA
:10B9100037FDA17B04F1900033460A46D047B8F8C2
:10B920000000019901FB00F52846D8470646294644
:10B93000C4F81C61F4F724FD217BA27B04F198007C
:10B940003346D047B8F80000257B05FB00F606FB20
:10B9500005F73846D84780463846C4F82081D8478E
:10B96000C4F824013846D847C4F828013046D847DF
:10B97000C4F82C013046D847C4F8300104F1A000C7
:10B9800029462A464346D047217BD4F8243104F186
:10B99000A8000A46D047217BD4F8283104F1B00032
:10B9A0000A46D047D4F82C31217B04F1B80001229B
:10B9B000D047D4F83031217B04F1C0000122D047B8
:10B9C000002084F82C00A062BDE8FE8F491D01080C
:10B9D00045F9000870B50446E07B002872D0E74EB8
:10B9E00000252574A07B318800FB01F26168D4F842
:10B9F000F400F4F79EFC3088A17B41436068F4F7C3
:10BA0000BFFC3088A17B48434143D4F81801F4F7C8
:10BA1000B7FC3088217BA27B484300FB02F1D4F8BD
:10BA20000C01F4F7ADFC23E0D4F8F41001EB800234
:10BA300092ED000AB5EE400AF1EE10FA17D0227C22
:10BA400001EB820181ED000A616A8D54D4E905128F
:10BA5000237C52F82020085C217B13FB0100D4F8E2
:10BA60000C1101EB800040F8042C581C20740135A7
:10BA7000A17BE8B28842D7D3207C00210BE0666A24
:10BA8000E369D4F818510131B65C10FB022253F877
:10BA9000263045F82230CAB28242F0D3A4F87800AA
:10BAA000217BA4F87A10A4F88010A4F88200A4F8EE
:10BAB0009000A4F89200A4F89810A4F89A00A4F8B2
:10BAC00048000FE0AD4DA07B298800FB01F26168C2
:10BAD000D4F8F400F4F72DFC2888A17B414360687A
:10BAE000F4F74EFCA549607B098800FB01F2A168D0
:10BAF000D4F8F000F4F71DFC70BD00BF68110024FD
:10BB0000F8B5044694F82C0000B1F8BD34F8980F4D
:10BB1000208204F1100534F81E1C2A46618220831D
:10BB2000A4F1200134F83E0C6083204604F034F880
:10BB3000A4F1400604F1180784F830002846314685
:10BB40003A4604F029F884F83000A4F1480230465F
:10BB5000394604F061F884F83000F8BDF8B50446C1
:10BB600094F8290000B1F8BD04F1600504F16806FD
:10BB70002846314604F06AF804F1580784F8C800F2
:10BB800004F1500128463A4604F006F884F8C8004B
:10BB900004F1A8053146B4F858002A46A4F8A800D4
:10BBA000B4F86A00A4F8AA00384603F0F5FF84F858
:10BBB000C80004F1880128463A4603F0A9FE84F83B
:10BBC000C800F8BD2DE9F84F044694F82A0008B1E2
:10BBD000BDE8F88F04F1780504F18009284649464C
:10BBE00004F034F884F8C800DFF89CB004F1580879
:10BBF00004F1A80AB4F8780041465246A4F8A80017
:10BC0000B4F85A00A4F8AA002846D84784F8C80017
:10BC100004F1B0074946B4F8A8003A46A4F8B000C9
:10BC2000B4F88200A4F8B2005046D84784F8C8009F
:10BC3000254635F8900F288205F1100629466888B8
:10BC400032466882384603F063FE84F8C800304606
:10BC5000394603F07BFE84F8C80049465246B4F8E2
:10BC60005800A4F8A800B4F88200A4F8AA0040463E
:10BC7000D84784F8C80005F1080250463946D8472D
:10BC800084F8C800BDE8F88F99FB0008F8B50746AE
:10BC9000FFF7A0FED7F8CC1009B1384688473846E0
:10BCA00000F06EF8D7F8D01009B13846884738460A
:10BCB000FFF754FFD7F8D41009B138468847387CCD
:10BCC00098B13846FFF77EFFD7F8D81009B138464B
:10BCD0008847384600F090F8D7F8DC1009B13846AC
:10BCE00088473846FFF70CFF14E0F87B0028E8D0BF
:10BCF000224C387B218800FB01F2D7E93A01F4F7A6
:10BD000018FB2088397B484300FB01F2D7E93E014C
:10BD1000F4F70FFBD7F8E01009B138468847387BB5
:10BD2000042100220023002401EB800112E03E6A7E
:10BD3000D7F8F85001341D4416440B44043296EDF4
:10BD4000000A95ED001AB4EEC01AF1EE10FAB8BF71
:10BD500085ED000AA042EAD10849098801FB00F2FA
:10BD60003868D7F8E810F4F7E4FAD7F8E41009B126
:10BD700038468847386801B0F0BD00BF681100241C
:10BD800070B5044694F8280000B170BD607B38B3EC
:10BD9000207B04F1B805012604F130012A46A4F8FD
:10BDA000B80004F16000A4F8BA6003F0F5FE84F86E
:10BDB000C80004F14001207BA4F8C000A4F8C260D0
:10BDC00004F1C00604F17000324603F0E5FE84F889
:10BDD000C80004F138022846314603F099FD07E017
:10BDE00004F1600004F1300104F1380203F0D4FEE4
:10BDF00004F1C801087070BD2DE9F843044694F8B9
:10BE00002B0008B1BDE8F883204604F1B80604F120
:10BE100038084FF0010930F8781F3246A4F8B810FE
:10BE20004146A4F8BA9003F0B7FE84F8C800204653
:10BE300004F1C00730F8481F3A46A4F8C010314654
:10BE4000A4F8C29003F0E8FE84F8C80025463946FD
:10BE5000324635F8980FA4F8B8002846A4F8BA90EE
:10BE600003F09AFE84F8C800A5F168024046314606
:10BE700003F04EFD84F8C800BDE8F8830000000020
:10BE80002DE9F0417C4E044688464FF47A71154600
:10BE90001F4630680130B0FBF1F2306002FB110147
:10BEA000706809B901307060744914289FED6E0BF9
:10BEB00004BF0020706051F820003221484300F593
:10BEC0007A60B0606E48406801EE100AB8EEC11B9F
:10BED00021EE000B05F058FB9FED651B20EE010BDA
:10BEE000BDEEC00B10EE101AB1F5FA6F98BF4FF40B
:10BEF000FA61644811F5FA6F38BF0846F060797A44
:10BF000002291DD198F8031000294CD095F8341857
:10BF1000012956D0002962D10021C4E9A01162494B
:10BF20000978012974D05F499FED5A0A01EE100A81
:10BF300091F82C18B8EEC11A042900FE010A86E017
:10BF40000020C5F83C0830614F48F6F7B1F84F487B
:10BF50004F4D0188C1F5806101EB810100EE101A9F
:10BF6000B8EEC00A84EDA00A4088C0F5806000EBFE
:10BF7000800000EE100A04F50A70B8EEC00A84EDE5
:10BF8000A10A9FED440A95ED201AF1EE410AF5F75A
:10BF900041FB00EE100A4048B8EEC00A84EDA20A48
:10BFA00095ED200A59E042480021807AC4E9A011A9
:10BFB00000F0F000402814BF3E483F48C4F8880213
:10BFC00047E0384890F82C08032802BF334800782F
:10BFD000012806D19FED320A9FED2E1A0DE0BDE833
:10BFE000F081B5F93608B5F9381800EE101A01EEEF
:10BFF000100AB8EEC00AB8EEC11A234884EDA01AA0
:10C0000084EDA10AF6F754F827480078012802D1F8
:10C0100096ED020A19E02548007868B11C489FEDAA
:10C020001D0A90ED201A04F50A70F1EE410AF5F7A9
:10C03000F1FA00EE100A08E094F8A102012802D1FA
:10C040009FED140A03E096ED030AB8EEC00A84EDF2
:10C05000A20A0F49104891ED200A01682046BDE868
:10C06000F041F4F749BC00BFFCA9F1D24D62403F5A
:10C07000000000000040AF40D01000240001002468
:10C08000E00F002430F8FFFFC00A0024782B0024C2
:10C09000601D002400000000900F002462100024A6
:10C0A000000054425001002461100024601000245C
:10C0B0007C2E002400C05A450080BB442DE9F84383
:10C0C0002DED165B04466B2001210126626B00F00A
:10C0D000C9F9B6EE000AF6F765FC626B6B20002129
:10C0E0004FF0000800F0BEF99FEDAF0AF6F75AFCDA
:10C0F000606BAE4D752101220090D0202B4601F0DF
:10C1000026FC2878682840F04981626BA84E6B2095
:10C110000021B0479FEDA48AA64FB0EE480AB84769
:10C12000626B19200021B047B0EE480AB847626B35
:10C130001A200321B047B0EE480AB847626B1B20B3
:10C140001021B047B0EE480AB847626B1C200921A5
:10C15000B047B0EE480AB847ADF81480ADF80C808F
:10C16000CDF81080CDF8088004F12406F6F74EFCD7
:10C170009FED919A9FED94AA9FED90DA9FED90EA42
:10C18000DFED909AB0EE408AB2EE08CA0DF11008C9
:10C190000DF10809B1EE08FAF7EE008AF6F736FC61
:10C1A00030EE480AB4EECC0AF1EE10FA00F3E58066
:10C1B000B0EE490AF6F7F6FB0027C6E90077C6E9B4
:10C1C00002779FE0606B3B21062243460090D0201F
:10C1D00001F0BDFB9DF810009DF8111095ED010ACE
:10C1E00041EA002000B201EE100AB8EEC11A20EEBA
:10C1F000010A84ED000A9DF812009DF8131095EDD8
:10C20000011A41EA002000B202EE100AB8EEC22A7A
:10C2100021EE022A84ED012A22EE02BA9DF81400D2
:10C220009DF8151000EE00BA41EA002000B203EEBE
:10C23000100AB8EEC33A21EE031A01EE01BA84EDFA
:10C24000021AB0EE4B0A05F0F2FAB4EE400AF1EE33
:10C2500010FA03D0B0EE4B0A05F0E9FA94ED0C1A8F
:10C26000432106224B4630EE010A84ED0C0A606B36
:10C270000090D02001F06BFB9DF808009DF809109C
:10C2800095ED020A41EA002000B201EE100AB8EE74
:10C29000C11A20EE011A84ED031A94ED092A32EE38
:10C2A000011A84ED091A9DF80A009DF80B1041EA65
:10C2B000002000B201EE100AB8EEC11A20EE011AF9
:10C2C00084ED041A94ED0A2A32EE011A84ED0A1A5A
:10C2D0009DF80C009DF80D1041EA002000B201EE1F
:10C2E000100AB8EEC11A20EE010A84ED050A94ED99
:10C2F0000B1A31EE000A84ED0B0AB0EE4A0AF6F78B
:10C3000051FB0137B8B2B0F57A7FFFF45BAF94ED23
:10C310000C0A002080EE0D0A84ED0C0A07E03118AB
:10C32000043091ED000A80EE0D0A81ED000A0C2820
:10C33000F5D168880130688094ED0CBA3BEE0E0AA6
:10C3400003F09AFEB4EECF0AF1EE10FA3FF726AFF3
:10C3500096ED000A03F090FEB4EEE80AF1EE10FA52
:10C360003FF71CAF94ED0B0A03F086FEB4EEE90A2A
:10C37000F1EE10FA3FF712AF09E014489FED15BA3D
:10C3800060621348A06213481349C4E90B109FED83
:10C39000130A002680EE0B0A84ED080A3046BDEC35
:10C3A000165B01B0BDE8F083CDCC4C3DC00000244D
:10C3B00065C40008A52900080AD7A33B00007A44F9
:10C3C000CDCC1CC10AD7A33D6F12033AAFA424BC45
:10C3D000D33EF4BBDC5F1441ADDC8B3CC3F51C41A8
:10C3E000B0B52DED047B04461B4D47210222606B46
:10C3F00005F120030090D02001F0A9FA0020C4E943
:10C40000030095F8200095F8211041EA0020134917
:10C41000E880A4F8420000B294ED0B8A01EE100A05
:10C4200091ED020AB8EEC11A10EE018A88EE000AF8
:10C43000B7EEC00A04F038FC9FED091AB3EE0E2BDC
:10C44000B4EEC20BF1EE10FAB8BFB0EE418A84ED43
:10C45000058ABDEC047BB0BDF0120024C0000024AE
:10C4600000000000E0B584468DF8071000920DF141
:10C470000703D0200122614601F094FA8CBD000030
:10C480003148416F41F470014167016811F4003F88
:10C4900012D1BFF34F8F0021BFF36F8FC0F83C1252
:10C4A000BFF34F8FBFF36F8F016841F4003101601C
:10C4B000BFF34F8FBFF36F8F7FB5016811F4803FDB
:10C4C00027D1002143F6E07C0167BFF34F8FC16E97
:10C4D0001E4A62EAD10EC1F34E32C9088B070CEA3C
:10C4E00042111C46754644EA010604F140440135F8
:10C4F000C0F84C62F7D1511E002A0A46EFD1BFF3B3
:10C500004F8F016841F480310160BFF34F8FBFF35B
:10C510006F8FD0F8881241F00401C0F88812FAF742
:10C520003FF901208DF800008DF801004FF0105008
:10C53000019007480290074803906846FAF700F90F
:10C540000420FAF73DF97FBD14ED00E000FCFFFF89
:10C550001200000300010100BCB53948394C00222B
:10C56000016841F001010160016801F001010191E0
:10C570000199016841F0020101600021006800F0AA
:10C580000200009000980B20A0472F4D0B20A847D9
:10C590000C2000210022A0470C20A8470D200021DC
:10C5A0000022A0470D20A8470E2000210022A0470E
:10C5B0000E20A8470F2000210022A0470F20A847E7
:10C5C000102000210022A0471020A84711200021A0
:10C5D0000022A0471120A8472F2000210022A047B9
:10C5E0002F20A847382000210022A0473820A84744
:10C5F000392000210022A0473920A8473A200021F5
:10C600000022A0473A20A8473B2000210022A04753
:10C610003B20A8473C2000210022A0473C20A847FF
:10C62000442000210022A0474420A84745200021A3
:10C630000022A04745202946BDE8BC40084700BF6E
:10C64000D8440258196800081168000880B51748D6
:10C650001749012208234FF01F0C0160002100F14F
:10C66000140E81740182C0E902118EE80C10C0E939
:10C670000832C0E90A2202632022042300F13C0CA4
:10C68000C0E90D11ACE80E000A22C0E912130165E1
:10C69000C0E91531C0E91712C0E91913F9F7A4F878
:10C6A00018B1BDE88040F6F76CBB80BD4C23002478
:10C6B00000A0004080B518481849012208234FF017
:10C6C0001F0C0160002100F1140E81740182C0E989
:10C6D00002118EE80C10C0E90832C0E90A22026398
:10C6E0004FF4A0624FF0200C0423C0E90D210A2270
:10C6F000C0E90F1CC0E91131C0E91331C0E915319F
:10C70000C0E91712C0E91913F9F76EF818B1BDE8BE
:10C710008040F6F736BB80BDEC23002400A4004027
:10C720002DE9F04F87B04FF0000A012210264FF09C
:10C730000108CDF818A03248016841F0800101607D
:10C74000016801F0800101910199016841F0010146
:10C750000160016801F0010101910199016841F056
:10C7600010010160016801F0100101910199016857
:10C7700041F002010160016801F00201019101999B
:10C78000016841F008010160016801F008010191B0
:10C790000199016841F0040101601021006800F076
:10C7A000040001900198174D2846F9F7D1FB05F5D3
:10C7B0004064042101224FF004092046F9F7C8FB28
:10C7C000DFF844B002A8022780E8400502AE284600
:10C7D00005973146D8474FF4007002A981E88104DB
:10C7E00005F500603146CDE905A7D847204631461A
:10C7F000CDE90298CDE904A7D84707B0BDE8F08F8E
:10C80000E044025800000258915D000810B5124C37
:10C81000124814212060124860600020A0600120AE
:10C82000E06004F11000F3F7ABFD2046F9F72CFCB3
:10C8300008B1F6F7A6FA08480021F9F7A1FB08B1FC
:10C84000F6F79FFA04480021F9F7C6FB18B1BDE8D6
:10C850001040F6F796BA10BD8C2400240058004012
:10C86000DB3FB00010B5124C12484FF4800100229B
:10C8700007234FF0806C4FF0405E84E80F004FF0CC
:10C880008040C4E90422C4E906CEC4E90822C4E910
:10C890000A222421606304F13800F3F771FD204679
:10C8A000FBF75AFB18B1BDE81040F6F76ABA10BDA5
:10C8B000E02400240030014080B509480949EF22F6
:10C8C000002340F2E73C80E80E1003618361FBF730
:10C8D000EBFE18B1BDE88040F6F753BA80BD00BF4B
:10C8E00068250024001C004080B509480949EF2252
:10C8F000002340F2E73C80E80E1003618361FBF700
:10C90000D3FE18B1BDE88040F6F73BBA80BD00BF4A
:10C91000B42500240020004080B588B000211648CE
:10C92000EF2344F6206C0791CDE90511CDE9031101
:10C93000CDE90111114AC0E90023C0E9021C0161DF
:10C940008161FBF7B1FE08B1F6F71BFA4FF4805096
:10C9500004A904900848FBF77FFF08B1F6F711FA25
:10C96000002001A9019003900348FBF731FE08B1B4
:10C97000F6F707FA08B080BD00260024000C00403E
:10C9800010B5164C16484FF4E13100220C2384E810
:10C99000070004F118001421C4E903226361F3F7CE
:10C9A000EFFC2046FCF7D8FB08B1F6F7EAF90B4894
:10C9B0000021FCF701F908B1F6F7E3F90748002177
:10C9C000FCF7CAF808B1F6F7DCF90448FCF79CF864
:10C9D00018B1BDE81040F6F7D4B910BD08280024FE
:10C9E000004C004010B5164C1648142120607D48BC
:10C9F00060600020C4E9020020610C20606104F145
:10CA00001800F3F7BDFC2046FCF7A6FB08B1F6F7CB
:10CA1000B8F90B480021FCF7CFF808B1F6F7B1F9E7
:10CA200007480021FCF798F808B1F6F7AAF904487E
:10CA3000FCF76AF818B1BDE81040F6F7A2B910BDCE
:10CA40009C2800240050004010B5164C16484FF4A6
:10CA5000E12100220C2384E8070004F118001421CE
:10CA6000C4E903226361F3F78BFC2046FCF774FBF7
:10CA700008B1F6F786F90B480021FCF79DF808B1DC
:10CA8000F6F77FF907480021FCF766F808B1F6F7DA
:10CA900078F90448FCF738F818B1BDE81040F6F70B
:10CAA00070B910BDC42900240078004010B5164CA0
:10CAB00016484FF4E13100220C2384E8070004F10A
:10CAC00018001421C4E903226361F3F759FC2046DE
:10CAD000FCF742FB08B1F6F754F90B480021FCF7CC
:10CAE0006BF808B1F6F74DF907480021FCF734F868
:10CAF00008B1F6F746F90448FCF706F818B1BDE8A6
:10CB00001040F6F73EB910BD582A0024007C0040C2
:10CB100010B5184C184814212060184860604FF474
:10CB20008050A0600020E0604FF48060206104200D
:10CB3000606104F11800F3F723FC2046FCF70CFBBE
:10CB400008B1F6F71EF90B480021FCF735F808B1DB
:10CB5000F6F717F907480021FBF7FEFF08B1F6F7D3
:10CB600010F90448FBF7D0FF18B1BDE81040F6F704
:10CB700008B910BD4C26002400100140A086010019
:10CB800010B5164C1648142120601648606000202D
:10CB9000C4E9020020610C20606104F11800F3F781
:10CBA000EFFB2046FCF7D8FA08B1F6F7EAF80B4895
:10CBB0000021FCF701F808B1F6F7E3F80748002177
:10CBC000FBF7CAFF08B1F6F7DCF80448FBF79CFF57
:10CBD00018B1BDE81040F6F7D4B810BDE026002427
:10CBE0000044004020A1070010B5164C16484FF431
:10CBF000E13100220C2384E8070004F1180014211D
:10CC0000C4E903226361F3F7BBFB2046FCF7A4FAF7
:10CC100008B1F6F7B6F80B480021FBF7CDFF08B1D5
:10CC2000F6F7AFF807480021FBF796FF08B1F6F7D3
:10CC3000A8F80448FBF768FF18B1BDE81040F6F704
:10CC4000A0B810BD742700240048004010B5164C51
:10CC500016484FF4E13100220C2384E8070004F168
:10CC600018001421C4E903226361F3F789FB20460D
:10CC7000FCF772FA08B1F6F784F80B480021FBF7CD
:10CC80009BFF08B1F6F77DF807480021FBF764FF2A
:10CC900008B1F6F776F80448FBF736FF18B1BDE89F
:10CCA0001040F6F76EB810BD302900240014014082
:10CCB000FEE70000F8B58DE80F00069940F2FF127C
:10CCC000914210D040F2FF22914216D0B1F5007F80
:10CCD00029D1164988421AD01549884223D11548CE
:10CCE00000F124011CE01149884212D01049884209
:10CCF00019D1104800F1300112E00C4988420CD0E3
:10CD00000B4988420FD10B4800F13C0108E009496A
:10CD100006E0084800F10C0102E0064800F11801A5
:10CD20006846F4F759FF002004B080BD4C2300246E
:10CD3000EC230024700000244163B0F942208A42B1
:10CD400002DB52428A4201DD114642632DE9F04F77
:10CD500091B01D4A118090F83820022A04D0012A8F
:10CD60002FD1826CB34B01E0826CB34B10921A68E6
:10CD7000D3F808800F925A680E92DA680D9285688F
:10CD8000C66807694469D0F81890D0F81CA0D0F89C
:10CD900020B0D0F824E0826AC36AD0F830C0408F57
:10CDA00008920993CDF828C0CDE90B1003A88DE8AF
:10CDB000E000424680E8104EDDE90E100D9B109F0A
:10CDC000B84711B0BDE8F08F48230024C18700990F
:10CDD000022B80F83C20418780F8383003D0012BAB
:10CDE00008D1944900E0944951F8043F5860036029
:10CDF00041600860022A05D0012A07D092B94FF499
:10CE00007A5101E042F21071084A02E0064A46F205
:10CE1000A711A0F8421041F6FF71A0F84010044994
:10CE2000C0E91112704700BFB91C0008111C0008AE
:10CE3000611D00082DE9F04F89B00DF1580B12AFBC
:10CE40001068DDE919A90C461D9E9BE820098ECFCC
:10CE50001FFA81FC04E0B4F83AE0E64503D0246808
:10CE60008442F8D1BDE0208D01302085002084F877
:10CE70002D003046666CCDE900751B9FCDE9028B15
:10CE8000CDE904A904F1080806971C9FCDE90770B5
:10CE90004046B047608F40F20521884204BF94F8B5
:10CEA0003800022818D0B4F90820B4F84030E08FD8
:10CEB0004D4D4E4F4E4989464E491FFA82FE5E083F
:10CEC000B0EB530F8C4619D2064429464D46964284
:10CED0001DDAA2EB030E18E02089638A41F618429E
:10CEE000C1087C299EBF991AC1F3CC017C2936D890
:10CEF00042496FF00102097801313DE0861B294665
:10CF00004D46964203DD02EB030EA8F800E0628A6C
:10CF1000AEEB000307EB03466645A2EB00023CBF05
:10CF200001EB0246AE4201D2012209E01B040B4490
:10CF3000AB423EBF12043A44624504D24FF0FF3286
:10CF4000E3691A44E2610FFA8EF19FED2B0A081A89
:10CF500001EE100AB8EEC11A21EE000A33E02749AB
:10CF6000DB087C2B09789EBF821AC2F3CC027C2A94
:10CF70000CD801396FF0FD0252FA81F2B2FA82F256
:10CF80005209002A1D4A18BF00211170B4F8402030
:10CF900009069FED190AB6EE002A1CBF10440130A5
:10CFA000E18F03B28F189F42BEBF012040EA4200CA
:10CFB000181A00B2401A01EE100AB8EEC11A21EE9A
:10CFC000000A20EE020A84ED050A4FF4B471E0690C
:10CFD000484301EE100AB8EEC11A30EE010A84EDA2
:10CFE000090A09B0BDE8F08FFFFFE7F3FFFF00106B
:10CFF000FFFFE703FFFF6400ACFF333DCC200024BC
:10D000000C490022081D8968096802E0038D4385E8
:10D01000028500688842F9D107490022081D896805
:10D0200009680068884208BF7047038D4385028500
:10D03000F7E700BF20000024300000247047000004
:10D0400000F0070000F1040CC31EBCF1070F38BF4D
:10D05000002380F00700042828BF04204FF0010CB3
:10D060000CFA00F00138084098400CFA03F101393D
:10D0700011400843704710B52DED068B044694ED22
:10D08000019A94ED008A94ED02AA29EE090A08EEAD
:10D09000080A0AEE0A0A00F0D1FE88EE001A89EEAC
:10D0A000002A8AEE000A204684ED001A84ED012A47
:10D0B00084ED020ABDEC068B10BD70470000000035
:10D0C000F0B581B00C46054644F22C47C5F6020780
:10D0D00057F8040C00F00300032801D101207AE086
:10D0E00057F82C0C20F0806047F82C0CF8F740FF24
:10D0F000064600BF57F82C0C10F0006F06D0F8F76A
:10D1000037FF801B0228F5D9032064E057F8040C90
:10D11000296820F47C3040EA013047F8040C2B1DCC
:10D120000FCB4FF47E4606EB412189B200F2FF108F
:10D130006FF35F2008434FF4FE0101EB024101F45D
:10D14000FE0108434FF0FE4101EB036101F0FE4197
:10D150000843F8603868696920F0C0000843386007
:10D160003868A96920F0200008433860386820F04A
:10D170001000386038694FF6F8718843E96940EA71
:10D18000C1003861386840F01000386044B14FF495
:10D190000010012C08BF4FF480103968084302E0EA
:10D1A000386840F40020386057F82C0C40F080605C
:10D1B00047F82C0CF8F7DCFE044600BF57F82C0C9F
:10D1C00010F0006F06D1F8F7D3FE001B0328F5D34B
:10D1D000032000E00020C0B201B0F0BD000000005C
:10D1E000F0B581B00C46054644F22C47C5F602075F
:10D1F00057F8040C00F00300032801D101207AE065
:10D2000057F82C0C20F0805047F82C0CF8F7B0FEA3
:10D21000064600BF57F82C0C10F0005F06D0F8F758
:10D22000A7FE801B0228F5D9032064E057F8040C00
:10D23000296820F07C7040EA015047F8040C2B1D4F
:10D240000FCB4FF47E4606EB412189B200F2FF106E
:10D250006FF35F2008434FF4FE0101EB024101F43C
:10D26000FE0108434FF0FE4101EB036101F0FE4176
:10D27000084378613868696920F440600843386081
:10D280003868A96920F4007008433860386820F4D1
:10D2900080703860B8694FF6F8718843E96940EAF0
:10D2A000C100B861386840F48070386044B14FF014
:10D2B0008070012C08BF4FF400003968084302E079
:10D2C000386840F48000386057F82C0C40F08050EB
:10D2D00047F82C0CF8F74CFE044600BF57F82C0C0E
:10D2E00010F0005F06D1F8F743FE001B0328F5D3CA
:10D2F000032000E00020C0B201B0F0BD2DE9F84FDE
:10D30000F74C054689464FF000084FF0090B002006
:10D3100082462878A5282FD1A52020706878A97882
:10D3200040EA0106F0B26080E878207128796071E7
:10D330006879A97940EA01200521E080284602F0B9
:10D3400081F85BFA86F607462846314602F058F81F
:10D35000012F08BF01280FD112495FFA88F032224D
:10D3600010FB0217294632463846F2F7E2FF3846EC
:10D3700002F08CF808F10108608800F1090151FA07
:10D380008AF00D445144C9B24945C1D306485FFAF9
:10D3900088F280F8018081788A4288BF80F8028014
:10D3A000BDE8F88F8C2B00242011002480B5064A9C
:10D3B0000023C9B21381054A138A01331382FFF790
:10D3C0009DFF002080BD00BF000E0024003000241F
:10D3D000F8B504460D463F4AA0880130A080E08899
:10D3E0000130E08021890131218161890131618130
:10D3F000111D926812680FE091F82D300133DFB2F1
:10D400001D2F88BF1E231E2F81F82D304FF00003E3
:10D4100038BF012381F82C3009689142ECD12E4AA3
:10D42000111D926812680FE091F82D300133DFB2C0
:10D430001D2F88BF1E231E2F81F82D304FF00003B3
:10D4400038BF012381F82C3009689142ECD1234F79
:10D4500000B20021C8220026B847E08080B2002137
:10D46000C82265284FF0000038BF01206070B4F971
:10D470000A00B847608180B20021C82265284FF0B9
:10D48000000038BF0120E070B4F90800B8472081DF
:10D4900080B20021C82265284FF0000038BF01206B
:10D4A000A070B4F90400B847A08080B264284FF09F
:10D4B00000000CD80A488188013918BF0121007A80
:10D4C0000138B0FA80F0400900EA01060120EE734D
:10D4D0002070F8BD30000024200000249FFC0008CC
:10D4E000782B002410B5044600F010F87B48007932
:10D4F000C00704BF204600F0F9F87A4890ED0A0A08
:10D500002046BDE8104000F017B800BF0849AA2027
:10D51000002208708B4890F87C000A284FF0DD004C
:10D5200088BF01224A70887002480322FCF7DCB9E8
:10D53000B02200240828002470B5044661489FEDFD
:10D54000621A9FED622A48F6A04544F251660188AE
:10D5500020EE010A9FED5F1A20EE020A4A1C0280AB
:10D560005B480068BDEEC00A90ED0A2A90ED0C4AB7
:10D5700090ED0D5A90ED0B3A10EE100A90FBF5F17C
:10D5800001FB1500B04225EE010A22EE012A24EE2D
:10D59000014A23EE011ABDEEC00ABDEEC22ABDEE5D
:10D5A000C43ABDEEC11A13EE103A10EE10CA12EED4
:10D5B000101A9BB2C3F1000E11EE103A9BB2C3F1E8
:10D5C000000301DB401B03E0434EB042B8BF2844D8
:10D5D0005A4DAB26AE770726EE77012685F82060F8
:10D5E000160A85F8216085F822203C4A5268160EFA
:10D5F00085F82360160C85F82460160A85F82560E6
:10D6000085F826204F4A92F87C6000220B2E4FF0BE
:10D61000000638BF012685F8276085F82810090A1A
:10D6200085F82910190A85F82A3085F82B104FEA59
:10D630001E2185F82CE085F82D104FEA1C2185F875
:10D640002EC085F82F102178022902D0012903D09D
:10D6500031B984F82A2801E029684A1C2A6000E0D0
:10D660002A68F92A05DD0121FA2284F82A182A609D
:10D6700001E094F82A18000A85F8301085F8310086
:10D68000A07A85F832002046F3F7D6FA94F82808F5
:10D69000144985F83300DD204A6D85F8340085F89B
:10D6A000350095F8260004EB800042621822496894
:10D6B000C0F828140C4805F11E01BDE87040FCF7C5
:10D6C00013B900BFC2220024EBE24A400000C84266
:10D6D000A82000240060EA46B0B9FFFFE00F002454
:10D6E0007C2E0024601D0024E02600241349AA2279
:10D6F0000A72134A12784AB1124A937A03F0F0037D
:10D70000402B05D192894A72120A03E0012200E0FF
:10D7100000224A728A724A68CA72162290F82C084D
:10D7200008730848B0F87E00C874000A0875DD2048
:10D73000487705480831FCF7D7B800BF101000241F
:10D74000810F00247C2E00249C280024000000006F
:10D750000268D2F814C0936943F008039361026829
:10D76000936943F0100393610268136823F0010387
:10D7700013600268136940F26F3123EA01011161FD
:10D7800001688A6822F440428A6090F881201CF087
:10D79000200F18BF042A0AD0D0F8841041F080016D
:10D7A000C0F8841001688A6942F020028A6190F80A
:10D7B00081205FEA4C610CD5032A0AD0D0F884108E
:10D7C00041F00401C0F8841001688A6942F0400207
:10D7D0008A615FEA8C510AD5D0F8841041F00101CA
:10D7E000C0F8841001688A6942F400728A615FEAB5
:10D7F000CC510AD5D0F8841041F00801C0F884104B
:10D8000001688A6942F480728A610021A0F862107E
:10D81000A0F86A1070470000C168C06B012202EBDB
:10D8200050100831C90848437047B0B5054600227A
:10D83000288893B2834209D2AC68DB0013FA82F3E2
:10D84000013204EB83038B42F3D1B0BD6A8890426E
:10D8500028BFB0BDAA6800EBC00002EB8000242204
:10D86000F2F767FD288801302880B0BD70B50C46FE
:10D8700001681F4B99420ED01E4B99420DD01E4B92
:10D8800099420CD01D4B99420BD01D4B99420CBFB5
:10D890000121002106E0052104E0022102E003212C
:10D8A00000E0042120602262164A01EB410102EBF4
:10D8B000810568602E466888013081B26880C900A1
:10D8C00011FA80F0810056F8080F10B105F012F837
:10D8D00002E0084604F038FA0028306005D02846F7
:10D8E0002146FFF7A2FF002070BD012070BD00BFE0
:10D8F00000140058003C004000340140005001403A
:10D9000000380040B82F0024F0B581B014460D4611
:10D9100006466F1C3068406910F0080F12D1F8F706
:10D9200027FB001BA8424FF0000128BF0121002F58
:10D930003A4618BF01220320002D1CBF11400129C7
:10D94000E8D100E00020C0B201B0F0BD70477FB563
:10D95000089C05460E464FF47A70CDE9003201234B
:10D960000290294632462046F8F77EFC064616B15C
:10D970002046FCF78DFC2046F8F782FB2028FAD1E0
:10D98000204629464FF47A724FF47A73F8F7DCFB9D
:10D990000328F5D02046F8F773FB2028FAD130464B
:10D9A00004B070BD7FB5089C05460E464FF47A70F2
:10D9B000CDE9003201230290294632462046F8F78D
:10D9C0001FFD064616B12046FCF762FC2046F8F71C
:10D9D00057FB2028FAD1204629464FF47A724FF49B
:10D9E0007A73F8F7B1FB0328F5D02046F8F748FB27
:10D9F0002028FAD1304604B070BD000000000000BD
:10DA0000F8B52DED028BDFF820E204469FED821B76
:10DA1000DFF818C294F89300BEF89220BEF8AC501C
:10DA2000131A0020AB42C8BF012084F89700B4F954
:10DA30000A0094ED210A02EE100AB7EEC00AB8EE11
:10DA4000C22B22EE011B21EE000B9FED751BB7EEE2
:10DA5000C00BB7EEC02A84ED1E0AB4EEC12BF1EE66
:10DA600010FAC2BF94ED1F1A31EE000A84ED1F0AAE
:10DA70009CF80F20012A5FD1AB425DDDA3F1460285
:10DA8000AA4206DD6A4A937A3222012B08BF282275
:10DA900000E07D2284F89220642564269EF80A30F6
:10DAA00003F0F003402B08BF154684F8925094F819
:10DAB0009650D4F88C7015B10137C4F88C70402B97
:10DAC00008BFD6B2B7FBF6F202FB167212B90025F8
:10DAD00084F896509CF80920012A05D19CF80A2068
:10DAE000022A0BD035BB12E0402B23D1BEF8DC203C
:10DAF000142A1FD39CF80A20022A1BD14A7E012A2D
:10DB000008BF002D16D191F82928012A12D19FEDC6
:10DB1000490A94ED201A31EE000A84ED200AB4F887
:10DB200094200132A4F89420012284F89620002247
:10DB3000C4F88C2000224A7694ED1F0A94ED201A36
:10DB4000B1EE048A80B204F14C0531EE400AB4EE25
:10DB5000C80AF1EE10FA06DDB4F8901000EE101AC3
:10DB6000B8EE400A01E09FED340A00B201EE100A5F
:10DB70002846F8EEC10AF3F74DFD00EE100AB8EEA4
:10DB8000C00A84ED220A94ED1F1A94ED202A32EE89
:10DB9000412AB4EEC82AF1EE10FA2BDDB4F90A00DE
:10DBA000B0F5C87F26DA254E31884A1C328012B281
:10DBB000B2F5617F21DBB1EE080A023131EE000AD5
:10DBC00001EE100A284684ED200A9FED1D0A3180DF
:10DBD000F8EEC10AF3F71EFD00EE100AB8EEC00A17
:10DBE00084ED220AB6F90000B0F5C86FC4BF00206A
:10DBF000308002E0114800210180BDEEC00A2046BD
:10DC000010EE101ABDEC028B01B0BDE8F040FFF73A
:10DC100093B800BF00BF00BFFCA9F1D24D62503FD6
:10DC20007B14AE47E17A743F7C2E0024782B0024CD
:10DC3000500100240000344200000000702B00243A
:10DC40000000FAC42DE9F0412DED0A8B04464FF097
:10DC500000080C264FF4BC77C4F8048041E004EBC4
:10DC60008805B5F9520095ED1E0A01EE100AB8EECE
:10DC7000C00AE019F8EEC10AF3F7CCFCE86705EE3C
:10DC8000100AA01908F113082C370436B5F9521000
:10DC900094ED0C1A94ED0E3A94ED0B0A94ED0D2AC6
:10DCA00004EE101AB8EEC44AB8EEC55A21EE041AB2
:10DCB00023EE053A20EE050A21EE041A03EE041ABB
:10DCC00000EE051A32EE010AB5EEC00A80ED000A38
:10DCD000F1EE10FAA2BF94ED011A30EE010A84EDC4
:10DCE000010A1C2EBBD1534890F8CA1009B1322941
:10DCF00007D1B0F8A410B0F88A0000EB410050380A
:10DD000002E001EB41000230A4F8400080B294ED43
:10DD1000010A01EE100AB8EEC11A81EE000AB5EE52
:10DD2000C00A84ED020AF1EE10FA02DA9FED421AFF
:10DD300008E0B7EE001AB4EEC10AF1EE10FAD8BF4F
:10DD4000B0EE401A0C250026B7EE009AB9EE00AAF4
:10DD500084ED021A5DE094ED020AB4EE490AF1EE98
:10DD600010FA54D0601990ED001A20EE010AB5EEB9
:10DD7000C00A80ED040AF1EE10FA48DB04EB8607D6
:10DD800094ED0C2A94ED0B1A94ED0D3A94ED0EBA25
:10DD9000B7F9520021EE0A1A04EE100AB8EEC4CA0E
:10DDA000D7F87C8022EE0C2A12EE0C0A33EE000A21
:10DDB0002BEE0C2A21EE000A02EE020AB7EEC08A10
:10DDC000B0EE480B03F000FD2BEE4C1AB4EE400B06
:10DDD000B7EEC1BAF1EE10FA03D0B0EE480B03F083
:10DDE000F3FC94ED0B1AB1EE402BB8F1000F30FEAE
:10DDF000020B30EE0B0B31EE011AB7EEC11A80EEBA
:10DE0000010BB7EEC00BBDEEC00A87ED1F0A13363B
:10DE100004351C2D9FD10025B5F5987F04BFBDECBE
:10DE20000A8BBDE8F0816019C16F4830FEF784FFAE
:10DE30004C35F1E77C2E002400000000B5EEC00A4E
:10DE4000F1EE10FA20DD9FED143AB6EE001AB8EEAE
:10DE5000004A20EE011A20EE432A20EE033AB0EEEB
:10DE6000405A21EE046A11EE015A85EE066AB4EEBC
:10DE7000C35A31EE061AF1EE10FAF0DCB4EEC25AD3
:10DE8000F1EE10FAEBDB01E09FED021AB0EE410A71
:10DE9000704700BF000000006F12833A00000000CE
:10DEA000B0B501380024B4EB106F1EBF012420462A
:10DEB000B0BD4EF21005CEF2000568604FF0FF30A5
:10DEC0004FF00F0101F000FDAC604FF0070028603B
:10DED0002046B0BDF8F7C4BB10B59CB009A84C21D2
:10DEE000F2F74EFA01A82021F2F74AFA0220F8F7D9
:10DEF000A7FC002000903149086820F0010008606C
:10DF0000086800F0010000902D48026842F4404289
:10DF10000260026802F440420092009A026812F421
:10DF2000005FFBD0274A835843F002038350825896
:10DF300002F002020092009A00220092026842F46B
:10DF400040420260026802F4404200920A6842F0D5
:10DF500001020A60096801F001010091009901685D
:10DF600011F4005FFBD001204FF4803100240990B0
:10DF70000A910221CDE9121114907820CDE9150102
:10DF80001820CDE917010C20199009A8CDE91A44F1
:10DF9000F9F72EFD3F204FF4806101900320CDE979
:10DFA0000204082004904020CDE90500CDE90710C7
:10DFB00001A80421F9F7D8FA1CB010BD2C040058B0
:10DFC00018480258DCFCFFFF10B51748D0F8801045
:10DFD00041F47001C0F8801014490A6842F001024F
:10DFE0000A6000220A610B68114C23400B608A61B1
:10DFF000CA610A628A62CA620A634A638A63CA633E
:10E000000A644A640B6823F480230B600A6609499A
:10E010000968B2EB517F02BF074901220A604FF045
:10E020000061016010BD00BF08ED00E0004402582F
:10E030007FEDF6EA0010005C0881005110B5094838
:10E04000094C018B013101832046FEF7C9F92046B6
:10E05000FDF736F805480068FDF730F90449086017
:10E0600010BD00BF003000242C0E0024A42000248A
:10E07000A8200024000000002DE9FC47DFF8F08311
:10E0800041F28831D8F80400013090FBF1F2C8F871
:10E09000040002FB110129B9DFF8D8130A784A708D
:10E0A00000220A70DFF8D043DFF8C873002694F826
:10E0B000402894F82C187B68012A4FF0000208BF12
:10E0C0005A1C0329DFF8B43318BF32467A60BD68A2
:10E0D0001E68012D08BF002E01D101260AE0012D86
:10E0E00008BF012E01D1022604E0012D08BF022E37
:10E0F00003D100261E600023BB6040F2DD539A422C
:10E10000A2BF01220023C7E901324FF47A7290FBCB
:10E11000F2F303FB120020B9D948F4F781FF94F819
:10E120002C18042904D0D74800210160D64801608A
:10E13000D64EFA680020B17A01294FF0000108BFDD
:10E14000511C41F65832F9609142A1BF3969B1FAC8
:10E1500081F14909C7E90301217802291CD1CC4882
:10E16000E58890ED120A90ED151A31EE400AB7EEEF
:10E17000C00A02F099FDB7EE001BB4EEC10BF1EE40
:10E1800010FAACBF681C05F16400E080C0F3CC005D
:10E190007C2813D90021217000200A22E080D8F8C1
:10E1A000040090FBF2F202EB8202A0EB42023AB9C9
:10E1B00002291EBF61880131618001E0D8F80400A6
:10E1C00094F84418022902BFB4F84A180131A4F89F
:10E1D0004A186288A17A292A00D319B1652A05D381
:10E1E000012903D1002121700A216180B4F84A1865
:10E1F000B1F5FA6F82BF002184F84418A4F84A18D8
:10E20000B4F84818022921BF012184F844180021DC
:10E21000A4F84818F17B012912D1974C9D4821465A
:10E22000FFF7EEFB994D9A4822462946FBF734FD4D
:10E2300099489A4922462B46FDF722FED8F8040059
:10E24000B0F5FA7FC4BF9348F4F742FFF07B18B9EA
:10E250009048C16FC0F88010DFF830928F4849466F
:10E26000FFF7B6F8D8F80400C82190FBF1F202FBE2
:10E27000110008B901F062FDDFF8FCA15046F3F788
:10E28000A3FE5046FFF72EF9854EB07A00F0F0005D
:10E2900040281EBF002086F83801C6E94C0099F8D6
:10E2A0000F00012804BF786900281FD07748F4F7D1
:10E2B00051FC774C7B4D002104F16C00A84704F120
:10E2C000B8000021A84704F582700021A847724DCC
:10E2D000482404E028190021FEF72EFD4C34B4F543
:10E2E000BC7FF7D16B480021FEF726FD96F8380178
:10E2F000412848D196ED4D0ABAEE001A30EE010AD7
:10E30000B7EEC00A02F0D0FCB0EE001BB4EEC10BB9
:10E31000F1EE10FA37DC96ED4C0A9FED511BB7EE8B
:10E32000C00A30EE010B02F0BFFCB2EE0A1BB4EEE5
:10E33000C10BF1EE10FA26DCB2EE041BB4EEC10BF9
:10E34000F1EE10FA1FDB5148F4F704FC504C554D28
:10E35000002104F16C00A84704F1B8000021A8478F
:10E3600004F582700021A8474B4D482404E0281989
:10E370000021FEF7E1FC4C34B4F5BC7FF7D14548F1
:10E380000021FEF7D9FCB07A00F0F00040281EBF53
:10E39000454800210180FDF73BF99AF800008AF812
:10E3A0000100424890ED160AB7EEC00A02F07CFC6C
:10E3B0009FED2D1BB4EEC10BF1EE10FA02DA4FF017
:10E3C000FF3005E099F80F00012818BF4FF0FF302B
:10E3D000B9694FF47A6208440021B86100B201F0D3
:10E3E0005EFC40F6B731B861884201DD012004E0EF
:10E3F00040F2DC51884201DC0020786196F88F0001
:10E40000C00704D1224800216C30FEF795FC284C4F
:10E4100040F2FF1594E80F000095FEF74BFC0FCC7F
:10E420004FF400740094FEF745FC98F80400800750
:10E4300004D1204B0FCB0095FEF73CFC1D4B0FCBBE
:10E440000094FEF737FC96ED360A1BA0B7EEC00A23
:10E4500053EC102B02B0BDE8F04700F0B7BF00BF8F
:10E460005C8FC2F5285C2CC0000000000000444016
:10E47000E00F0024800F0024500100241410002419
:10E48000003000246010002444230024782B002452
:10E49000601D0024B81B0024C00A0024000E0024C4
:10E4A0007C2E002439CD0008241100242C0E0024D9
:10E4B0002000002430000024252E32660D0A0000C2
:10E4C0000148FAF75DBA00BFB42500240148FAF705
:10E4D00057BA00BF68250024026840F6FF33C4F233
:10E4E000000398420FDCB0F1804F1EBF40F20043A2
:10E4F000C4F20003984217D040F60003C4F20003B0
:10E50000984211D014E040F60043C4F20003984250
:10E510001EBF40F20043C4F20103984204D000231E
:10E52000C4F20103984203D14B6822F070021A43EF
:10E530004FF6FF73C4F20003984214DD43F6FF73F5
:10E54000C4F2010398421ADD44F20003C4F201034D
:10E5500098421EBF44F60003C4F20103984226D03D
:10E5600044F2004312E040F2FF73C4F20003984209
:10E5700011DCB0F1804F1AD040F2004313E00023C9
:10E58000C4F20103984212D040F20043C4F20103E6
:10E5900098420CD00FE040F60003C4F2000398420A
:10E5A00005D040F60043C4F20003984203D1CB6883
:10E5B00022F440721A434B6922F080021A4302602F
:10E5C0008A68C2620A68826243F6FF72C4F201027C
:10E5D00090420EDD44F20002C4F2010290421EBFDE
:10E5E00044F60002C4F2010290420DD044F200420F
:10E5F00006E00022C4F20102904205D040F200423F
:10E60000C4F20102904201D1096901630121416113
:10E61000016911F0010F1EBF016921F001010161C3
:10E620007047000000000000114341EA03218268A6
:10E6300022F47F4211438160704700000000000017
:10E6400082684FF68873CFF6CF731A40114341F0BA
:10E650000701816070470068FAF79EB8000000006B
:10E66000D0F820C0036A23F001030362836923F01A
:10E67000F00343EA021282612CF00A0211430162A4
:10E680007047000000000000D0F820C0036A23F0AB
:10E6900010030362836923F4704343EA0232826108
:10E6A0002CF0A00242EA01110162704710B5036824
:10E6B000094C084AA34206D0084CA34218BF10BD1B
:10E6C00002F1080302E002F1200318321060196021
:10E6D00010BD00BFE00F0024001C004000200040DF
:10E6E00010B5044C204600F02FFA2046BDE810403B
:10E6F000FAF726BB0828002410B5044C204600F089
:10E7000023FA2046BDE81040FAF71ABB9C280024E3
:10E7100010B5044C204600F017FA2046BDE8104022
:10E72000FAF70EBBC42900240148FAF709BB00BF61
:10E73000582A002400000000416EF9B180B501683C
:10E740008A688968490F0FF2400C1CF801300FF2FB
:10E75000400E1EF801100901B1FBF3F1A0F86A1098
:10E76000C2F342611CF801201EF801100901B1FB3F
:10E77000F2F1BDE88040A0F8681070470121A0F8D0
:10E780006A10A0F86810704708040204080101012B
:10E79000010101030701000090F82810090706D5C0
:10E7A00001684A68836B22F400421A434A6090F879
:10E7B0002810C90706D001684A68C36A22F40032EB
:10E7C0001A434A6090F82810890706D501684A68FC
:10E7D000036B22F480321A434A6090F828104907EC
:10E7E00006D501684A68436B22F480221A434A60C6
:10E7F00090F82810C90606D501688A68C36B22F410
:10E8000080521A438A6090F82810890606D501685C
:10E810008A68036C22F400521A438A6090F8281028
:10E82000490611D501684A68436C22F480121A43E4
:10E830004A60416CB1F5801F06D101684A68836C5B
:10E8400022F4C0021A434A6090F82810090658BF03
:10E85000704701684A68C06C22F4002240EA020056
:10E860004860704700000000B0B582B00446002048
:10E87000C4F89000F7F77CFB05462068006810F0AC
:10E88000080F1AD06FF07E40009020464FF4001120
:10E8900000222B4600F0FCFC78B100BF206850E855
:10E8A000000F216820F0800041E80002002AF5D125
:10E8B0002020C4F88800032031E02068006810F0B0
:10E8C000040F24D06FF07E40009020464FF480016A
:10E8D00000222B4600F0DCFCC8B100BF206850E8E5
:10E8E000000F216820F4907041E80002002AF5D161
:10E8F000206850E8020F216820F0010041E8020280
:10E90000002AF5D12020C4F88C00032007E0202045
:10E91000C4F88800C4F88C000020E066206700215D
:10E9200084F88410C0B202B0B0BD00000000000046
:10E93000806B0021A0F85E10A0F85610FAF7FCB921
:10E94000B0B5846BD4F88810D4F88C5020688068F7
:10E95000212908D110F0800005D00020A4F856002D
:10E96000204600F0D9F820688068222D08D110F0E8
:10E97000400005D00020A4F85E00204600F088F892
:10E98000D4F8900040F01000C4F890002046BDE894
:10E99000B040FAF7D1B90000C169806BB1F5807F52
:10E9A00030D00021A0F85E10016851E8001F026815
:10E9B00021F4807142E80013002BF5D1016851E881
:10E9C000021F026821F0010142E80213002BF5D179
:10E9D000016851E8021F026821F0400142E8021379
:10E9E000002BF5D12021C0F88C10C16E012909D16E
:10E9F000016851E8001F026821F0100142E800138D
:10EA0000002BF5D100210167C16E012918BFFAF76B
:10EA100063BFB0F85C10FAF797B800000000000080
:10EA2000806B01210167C16E012918BFFAF758BF39
:10EA3000B0F85C104FEA5101FAF786B80000000008
:10EA4000C169806BB1F5807F08BFFAF799BF4FF0BD
:10EA50000001A0F8561000BF016851E8021F0268CB
:10EA600021F0800142E80213002BF5D1016851E842
:10EA7000001F026841F0400142E80013002BF5D16D
:10EA80007047000000000000806BFAF77DBF0000B7
:10EA9000016851E8001F026821F4907142E80013F8
:10EAA000002BF5D14FF6FE7CCEF6FF7C026852E8D3
:10EAB000022F02EA0C02036843E802210029F5D183
:10EAC000C16E01290AD100BF016851E8001F026828
:10EAD00021F0100142E80013002BF5D12021C0F8ED
:10EAE0008C100021C16641677047000000000000E3
:10EAF000016851E8001F026821F0400142E800135C
:10EB0000002BF5D12021C0F8881000218167FAF789
:10EB100037BF000000000000016851E8001F0268D4
:10EB200021F0C00142E80013002BF5D1016851E843
:10EB3000021F026821F4000142E80213002BF5D104
:10EB40002021C0F888107047B0B5F4F77FFA04466A
:10EB500020680168C96911F0100F1CBF61680029A5
:10EB600000D1B0BDFAF798F82068102201680A6257
:10EB700008220A62D0F880100968496894F8D12008
:10EB80004AB16268C1F1C80004F1080581B22846A3
:10EB90009047206804E0012104F1080584F8D110B1
:10EBA000FAF742F820682946C822FAF765FEB0BD98
:10EBB00070B586B004462068A168D4E904231143E7
:10EBC0001943E2691143006846F6F312CCF6FF726E
:10EBD0001040084321680860206840682168E268A6
:10EBE00020F44050104348602268A06944F2004E6F
:10EBF000C5F6020EAEF50E3644F25443C5F60203D6
:10EC0000B2421CBF226A1043226895684FF2FF414E
:10EC1000C1F2FF1101EA050140EA0100906020689D
:10EC2000C16A626A21F00F0141EA0201C1622268F1
:10EC30004FF0800549F2000CC0F2D03C40F60010C5
:10EC4000C0F23D0047F2FF71C4F200018A422BDDA1
:10EC500040F6FF71C4F201018A424ADD40F60041EC
:10EC6000C5F600018A4200F0828041F20041C4F200
:10EC700001018A4200F08B8041F20001C4F20101DF
:10EC80008A4240F0C6801968C1F3C202052A00F228
:10EC9000BE800125DFE812F0BC00060062026402BB
:10ECA000660268020425B3E044F6FF31C4F20001B5
:10ECB0008A423DDC44F20041C4F200018A4200F085
:10ECC000768044F60001C4F200018A4240F0A1803F
:10ECD000196801F00702052A00F299800025DFE893
:10ECE00012F0970006004502470249024B02042534
:10ECF0008EE047F60001C4F200018A4200F067800E
:10ED000047F60041C4F200018A4240F0828019684F
:10ED100001F00702052A00F27A800025DFE812F0F0
:10ED2000780006002E0230023202340204256FE021
:10ED300044F60041C4F200018A4200F0588045F2D6
:10ED40000001C4F200018A4240F06380196801F0BA
:10ED50000702052A00F25B800025DFE812F0590067
:10ED60000600170219021B021D02042550E0596813
:10ED700001F00702052A4AD80225DFE812F049000F
:10ED800006000F02110213021502042540E0196863
:10ED9000C1F3C202052A3AD80125DFE812F0390092
:10EDA0000600070209020B020D02042530E0196873
:10EDB00001F00702052A2AD80025DFE812F0290011
:10EDC0000600FF01010203020502042520E0196884
:10EDD00001F00702052A1AD80025DFE812F0190011
:10EDE0000600F701F901FB01FD01042510E0196897
:10EDF00001F00702052A0AD80025DFE812F0090011
:10EE00000600EF01F101F301F501042500E0802582
:10EE10002268B24200F05280E169B1F5004F40F043
:10EE200079800121402D00F28E81DFE815F041004C
:10EE300011018C018C0115018C018C018C011B01CD
:10EE40008C018C018C018C018C018C018C012201C4
:10EE50008C018C018C018C018C018C018C018C014A
:10EE60008C018C018C018C018C018C018C01310195
:10EE70008C018C018C018C018C018C018C018C012A
:10EE80008C018C018C018C018C018C018C018C011A
:10EE90008C018C018C018C018C018C018C018C010A
:10EEA0008C018C018C018C018C018C018C012F0157
:10EEB000F8F7BEFC002840F0EB80D8E0AA1E012144
:10EEC0001E2A00F27480DFE812F01F003E01780075
:10EED0003E013E013E017E003E013E013E013E01FB
:10EEE0003E013E013E0185003E013E013E013E01E4
:10EEF0003E013E013E013E013E013E013E013E011A
:10EF00003E013E013E019100F7F7C6FC002840F0AB
:10EF10006D805DE00121402D00F21581DFE815F0E4
:10EF20004100D90013011301DD0013011301130186
:10EF3000E300130113011301130113011301130162
:10EF4000EA0013011301130113011301130113014B
:10EF50001301130113011301130113011301130111
:10EF6000F90013011301130113011301130113011C
:10EF700013011301130113011301130113011301F1
:10EF800013011301130113011301130113011301E1
:10EF900013011301130113011301130113011301D1
:10EFA000F700F8F745FC002840F0B380A0E0402DC2
:10EFB00040F0C9804FF4004018E003A8F7F780FC48
:10EFC000049898B904E06846F7F736FD019868B9E7
:10EFD0000021B8E0DEF8000010F0200F60461EBFF0
:10EFE000DEF80000C0F3C1002CFA00F06568616A29
:10EFF00042F6F462C0F6010232F81120B0FBF2F3DF
:10F0000005EB45060121B342C0F09D802E03B342BB
:10F0100000F2998000210023F1F75AF9090241EA30
:10F020001061000210EB550041F100012A46002357
:10F03000F1F74EF9A0F540714FF6FF42C0F20F0212
:10F04000914203D82168C86000217CE001217AE068
:10F05000F8F702FCE0B90AE003A8F7F731FC0498DE
:10F06000B0B904E06846F7F7E7FC019880B90021E1
:10F0700069E0DEF8000010F0200F60461EBFDEF8E9
:10F080000000C0F3C1002CFA00F001E04FF4004092
:10F090006168626A42F6F463C0F6010333F8122035
:10F0A000B0FBF2F04A0802EB4000B0FBF1F0A0F137
:10F0B00010014FF6EF72914209D84FF6F0710140FE
:10F0C000C0F3420008432168C86000213BE00121F1
:10F0D00039E0F8F7C1FBE0B90AE003A8F7F7F0FB65
:10F0E0000498B0B904E06846F7F7A6FC019880B927
:10F0F000002128E0DEF8000010F0200F60461EBF5F
:10F10000DEF80000C0F3C1002CFA00F001E04FF47B
:10F1100000406168626A42F6F463C0F6010333F8A6
:10F120001220B0FBF2F000EB5100B0FBF1F0A0F1C7
:10F1300010014FF6EF72914204D8216880B2C86086
:10F14000002100E001210120A4F86A00A4F8680071
:10F150000020C4E91D00084606B070BD082557E62A
:10F16000102555E6202553E6402551E608254FE6B3
:10F1700010254DE620254BE6402549E6082547E6C3
:10F18000102545E6202543E6402541E608253FE6D3
:10F1900010253DE620253BE6402539E6082537E6E3
:10F1A000102535E6202533E6402531E608252FE6F3
:10F1B00010252DE620252BE6402529E6082527E603
:10F1C000102525E6202523E6402521E608251FE613
:10F1D00010251DE620251BE6402519E6082517E623
:10F1E000102515E6202513E6402511E60000000055
:10F1F00010B513460446A165A4F85C300021C4F89C
:10F2000090102220C4F88C00D4F88000E8B14EF6AB
:10F210009912C0F600024EF6212CC0F6000CC0E98F
:10F220000F2C4EF64112C0F60002C0E913212168EE
:10F23000A26D2431F5F788FD38B11020C4F8900094
:10F240002020C4F88C00012010BD206950B100BFFF
:10F25000206850E8000F216840F4807041E8000207
:10F26000002AF5D1206850E8020F216840F0010023
:10F2700041E80202002AF5D1206850E8020F216817
:10F2800040F0400041E80202002AF5D1002010BD04
:10F290002DE9F04381B0984616460F460446206893
:10F2A000C0693840C01BB0FA80F04009B0422AD192
:10F2B000DDF8209009F10105D5B1F6F759FE0321DB
:10F2C000B9F1000F20D0A0EB080048451CD82068F9
:10F2D000016811F0040F18BF802F09D0402F07D00C
:10F2E000C16911F0080F13D1C16911F4006F1BD16E
:10F2F0002068C0693840C01BB0FA80F04009B042B5
:10F30000DAD0002100E00021C8B201B0BDE8F083EE
:10F31000082505622046FFF7BBFBC4F8905000208B
:10F3200084F884000121EFE74FF400610162204678
:10F33000FFF7AEFB2020C4F89000002084F8840082
:10F340000321E1E7B0B50D460446F3F77FFE002D3B
:10F3500004600DD04560102221680A620A6842F0FC
:10F3600010020A6000F108012046C822FAF784FA68
:10F37000B0BD000010B5044C2046FFF7E5FB204669
:10F38000BDE81040F9F7DCBC4C26002410B5044C55
:10F390002046FFF7D9FB2046BDE81040F9F7D0BC66
:10F3A000E026002410B5044C2046FFF7CDFB204694
:10F3B000BDE81040F9F7C4BC742700240148F9F7F0
:10F3C000BFBC00BF30290024FEE7000083B018B5A1
:10F3D000094C844603A80EC003AB8121624600930A
:10F3E000204600F0D9FD82B204482146FAF77CFAA3
:10F3F000BDE8184003B07047C4220024C42900248B
:10F4000070B505460C460020002D08BF70BD032CCA
:10F4100014D30B48A61E314602882846F3F7C8FECF
:10F42000AA5DC1B28A421CBF002070BD291911F823
:10F43000011CC1EB1020B0FA80F0400970BD00BF84
:10F440002C0A00240022E8B103291BD310B5DFF8F1
:10F45000D8E9C1F10102A1F1010CFF23014606E048
:10F4600011F8014B01326340DBB21EF80330002A71
:10F47000F6D110F80C00D9B2081AB0FA80F042099F
:10F48000BDE81040104670470020704770B54179C4
:10F49000827941EA0221A1F20122072A44D8DFE859
:10F4A00012F00800D300D2000601D2001D01300185
:10F4B0005001C279E54981F87C20027A81F87D20EB
:10F4C000427A81F87E20827A81F87F20C27A81F8A0
:10F4D0008020027B81F88120427B81F89020827B12
:10F4E00081F89120C27B81F89220027C81F89320E0
:10F4F000427C81F88A20827C81F88B20C27C91F842
:10F500008F3062F3000381F88F30C27C520862F3BF
:10F51000410381F88F3003F0FB02C07C00F004004F
:10F52000104381F88F0070BD012900F0128140F274
:10F530000332914200F0258140F20112914200F025
:10F540003D8140F20132914200F03C8103297AD1A1
:10F55000BE49002206E085188B180232EC799C74B3
:10F560002D7ADD74082AF6D1427C8A77827CCA77AC
:10F57000C27C81F82020027D81F82120427D81F823
:10F580002220827D81F82320002208E085188B1834
:10F590000232EC7D83F826402D7E83F82750082A1E
:10F5A000F4D190F821204FF0000E4FF0020C002310
:10F5B00081F8322090F8222081F8332090F823201F
:10F5C00081F8342090F8242081F8352090F8252007
:10F5D00081F83620382290F8260081F8370030E094
:10F5E00001EB4300B0F848403CB1848C6CB9CC18B6
:10F5F00084F860E0B0F848403CB9848C2CB1CC1859
:10F6000094F860500DB984F860C08D5A8C183DB1E3
:10F6100034F8285C6DB9CD1885F858E0258845B9CF
:10F6200034F8285C2DB1CD1895F858600EB985F8DE
:10F6300058C0858C0133A0F8485034F8280C885203
:10F640000232082BCCD170BDC179804A82F89C105F
:10F65000017A82F89D10417A82F89E10817A82F8B0
:10F660009F10C17A82F8A010017B82F8A110417B23
:10F6700082F8A210817B82F8A310C17B82F8A410CB
:10F68000017C82F8A510417C82F8AC10817C82F864
:10F69000AD10C17C82F8A810007D82F8A90001207D
:10F6A00082F8AE0082F8AF0082F8B00070BDC17978
:10F6B000664A82F8C410017A82F8C510417A82F84D
:10F6C000C610817A82F8C710C17A82F8C810017B0F
:10F6D00082F8C910407B82F8CA0070BD5B4BC179CB
:10F6E00093F8D06001F0F002090906F00F063243EA
:10F6F00083F8D020C079013061F31F1083F8D00067
:10F7000070BDC179514A82F8D410017A82F8D510BF
:10F71000417A82F8D610817A82F8D810C17A82F8BC
:10F72000D910017B82F8DA10407B82F8DB004A486E
:10F73000807A012808BF70BD4648818801318180E8
:10F7400070BDC179414A82F8DC10007A82F8DD0090
:10F7500070BD3E4AC179937A01F00F0103F0F003C6
:10F760000B439372C37903F0F00319439172017A4A
:10F77000407A41EA002090813848017801310170D7
:10F7800070BDC179314A82F83011017A82F83111A5
:10F79000417A82F83211817A82F83311C17A82F883
:10F7A0003411017B82F83511417B82F83611817B5F
:10F7B00082F83711C07B82F8380170BDC0792349C7
:10F7C000086770BDC179214A9FED212A82F827116F
:10F7D000017A82F82811417A82F82911817A82F817
:10F7E0002A11C17A82F82B11017B82F82C11417BFE
:10F7F00082F80911837B82F80A3101EE103AC67B48
:10F8000082F80B6100EE106A057C82F80C5104EE60
:10F81000105A407CB8EE400AB8EE411A80EE020A57
:10F8200030EE010A03EE100A82F80D010948B8EE25
:10F83000433A83EE022A0170B8EE441A80ED020AC0
:10F8400032EE011A80ED031A70BD00BF7C2E002439
:10F850000000C8422011002450010024800F002421
:10F860000028B8BF704700F01F014FF0010202FAF4
:10F8700001F14FEA50104EF28012CEF2000242F82F
:10F880002010BFF34F8FBFF36F8F70470000000051
:10F890000028B8BF704700F01F014FF0010202FAC4
:10F8A00001F14FEA50104EF20012CEF2000242F87F
:10F8B00020107047000000004EF60C50CEF2000001
:10F8C0000068C0F30220704700F1604C00F00F03A5
:10F8D0004EF61452CEF200021A44B0F1FF3FC8BFF8
:10F8E0000CF5644208011070704700000000000031
:10F8F0004EF60C51CEF200010A684FF6FF031A4093
:10F9000060F30A2242F0806040F0FD7008607047AA
:10F91000B0F800C0438852684968406803FB0CF3A4
:10F920005B420BE091ED000A90ED001A01330431C7
:10F93000043031EE000A82ED000A0432002BF1D1CE
:10F940000020704701804280436070472DE9F04FEE
:10F950008AB04D680788B0F80290D0F804E0012121
:10F9600000234FF07E5C00264FF0000A4FEA870824
:10F970002846CDF80C900497069018E005EB8A0015
:10F98000002202E0AC18043223609642FAD1C0F89B
:10F9900000C005EB8100012201E008C0013297425E
:10F9A000FBD14544043601310AF1010A013F002F21
:10F9B000E4D1039904209FED770A069F7646CDF89F
:10F9C00000E0F0464FF0000A00EB81000290484250
:10F9D00008908800099000200190B1E00AFB01FE28
:10F9E00008EB8E0C9CED000AB5EE400AF1EE10FA21
:10F9F00037D109980025002233180498A0EB0A0497
:10FA00000135A54227D2099810441A4492ED001AF4
:10FA10000246B5EE401AF1EE10FAF1D03318002488
:10FA200006E056F824201D6804C346F8245001342B
:10FA3000A145F6D13A18002306E057F823001468D0
:10FA400001C247F8234001339942F6D101200190C9
:10FA50009CED000A05E00198012840F09680012005
:10FA600001900698A1EB0A0B002200EB8E0008E043
:10FA70009CED001A013281EE001A8CED001A0CF197
:10FA8000040C9145F4D1089A07E090ED001A013278
:10FA900081EE001A80ED001A0430002AF5D1069C90
:10FAA000CDF814804546DDF810804FF0000CCDF8FD
:10FAB0001CA035E0D4455A4628D095ED000A002315
:10FAC00000220DE005EB020E06EB020A01330432C0
:10FAD0009AED001A9EED002A00EE412A8EED002AD2
:10FAE0009945EFD1089A00230BE0F818E11801328C
:10FAF000043390ED001A91ED002A00EE412A81EDC9
:10FB0000002A002AF1D1DDF81CA04A4609980CF120
:10FB1000010CA8F10108044405EB820000EB8A0502
:10FB2000B8F1000FC6D10298DDF8148003990AF1EC
:10FB3000010AA9F101090644099808F104080744DB
:10FB4000B9F1000F7FF44AAFB5EE400A0020F1EEA4
:10FB500010FA1BD1019A012A18D0049800224143BF
:10FB6000009808E090ED000AB5EE400AF1EE10FAB8
:10FB700003D1043001328A42F4D30020914208BFFD
:10FB80006FF004000AB0BDE8F08FFB2040B20AB06D
:10FB9000BDE8F08F000000002DE9F84F5268B0F882
:10FBA00000A09FED1C0A4FF0000B0092B0F80280FD
:10FBB000B1F80290D1F804E0D0F804C0C8F1000315
:10FBC0004FEA890500987646494600EB8B071C46AC
:10FBD0003046B0EE401A624608E090ED002A92ED01
:10FBE000003A28440134043203EE021A002CF4D106
:10FBF00087ED001A0436013907F10407E7D10CEB51
:10FC0000880CCB44BAF1010ADCD1002001B0BDE878
:10FC1000F08F00BF00000000B0F800C043885268B9
:10FC20004968406803FB0CF35B420BE091ED000A6E
:10FC300090ED001A01330431043031EE400A82EDB8
:10FC4000000A0432002BF1D10020704770B54388C0
:10FC5000B0F800E0426849684FEA830C4FEA8E0032
:10FC600000240D4604E052F8246001342E6005445F
:10FC7000A342F8D1BEF1010E624401F1040104BFB8
:10FC8000002070BDECE7B4EEE00A80FE411AF1EE10
:10FC900010FAB8BFB0EE601AB0EE410A7047904259
:10FCA000D8BF02468842B8BF0A46104670470000D7
:10FCB000094910EE100ABEEE001AB7EE082A20EE2F
:10FCC000010AA1EB600001EE100A20EE010A00EE2D
:10FCD000012A22EE010A7047DF59375F80B5F6F737
:10FCE000CFFCFEF7F9F8FCF71BFDFCF735FCFCF741
:10FCF0000FFFFCF7ABFCFCF7DDFCFCF7B3FDFCF7FA
:10FD0000F3FDFCF7A3FFFCF73BFFFCF76DFFFCF7EF
:10FD100037FEFCF767FEFCF779FDFCF795FEFCF774
:10FD2000C5FEFCF7C9FDFCF7F7FD4FF0FF300021E1
:10FD30000022F6F771FDF9F73DFEFEE794484FF01B
:10FD4000010CB0F87E10B1FA81F2002937494FEA70
:10FD5000521280F8E420B0F8E6204FEA820308BF90
:10FD60004CEA820390F8E80003EB0030086100F0F1
:10FD700001B800BF70B5864D2B4A40F6A520002182
:10FD8000C5F8F600FF2006E06B18013193F8F63055
:10FD90005840C0B2105C0429F6D185F8FA0003205F
:10FDA00085F8FC00012085F8FB0085F8FE00202086
:10FDB00085F8FD0095F87C00072803D06B2807D153
:10FDC0006B2000E0072085F8FF00002085F8000187
:10FDD000164E48F2800005F1F6044FF6FF72A5F8C2
:10FDE00001013069010A85F8030185F80411010C4D
:10FDF000000E85F8051185F8060120461121F3F75C
:10FE0000D7F985F80701000A2146132285F8080171
:10FE100006F114052846F0F78CFA05482946132206
:10FE2000BDE87040F9F760BDFC2C010820110024EA
:10FE300074270024DFF850C19CF80110022913D068
:10FE4000012929D0002951D1504B514AB2F87E10D6
:10FE50009B6892F8D020591A0F2A2FD85A292DDBE7
:10FE600001218CF8011041E048490A68501C0860E3
:10FE7000A2F10A00B0F5777F29D8454A92F8D00060
:10FE80000F2833D8B2F87E008968081A0828A4BF62
:10FE900001208CF8010029E03C494A68531C4B6062
:10FEA0003B4B93F8D0000F2819D8B3F87E008B682D
:10FEB000181A082813DB0020486017E00F2A15D80D
:10FEC000083932299CBF02218CF801100EE0B2F5EE
:10FED0007A7FA2BF00208CF80100086006E0B2F52E
:10FEE000FA6FA2BF00208CF8010048609CF8021055
:10FEF000F1B1012926D002293DD1244A1069431CC1
:10FF0000244813610188D06888421EBF50690130BF
:10FF10005061B3F57A7F30D15069002301284FF04A
:10FF20000000C8BF01208CF80200C2E9043324E0BD
:10FF3000184801881548C06888421CBF02208CF808
:10FF400002001AE0114A1069431C1248136101882B
:10FF5000D06888421EBF506901305061B3F57A7F86
:10FF60000BD150690528DCBF00208CF8020000206E
:10FF7000C2E9040001E0074801880548034AB0F8D7
:10FF80007E00C2E90201704760100024A012002424
:10FF90007C2E0024241100247CB5044600201D463C
:10FFA000164600290BD0491ECDE90041044B6A4694
:10FFB0002946304602F0C0F8009A002111707CBD3D
:10FFC0006728010803B401984100009850EAC12055
:10FFD00018BF04204A0D18BF40F0010040F2FF7224
:10FFE000B2EB515F08BF40F00200012808BF0520B6
:10FFF00002B070474100080218BF04200A0E18BF63
:020000040801F1
:1000000040F001004FF07F4232EA010108BF40F0AA
:100010000200012808BF05207047000030B528B154
:10002000144C031F002021680A4605E0084630BD35
:100030009A4203D810465268002AF9D1002800D00D
:1000400041680BD00468A3EB0005A54204D11B68EE
:100050001C440346046002E0436000E023603AB1C0
:100060001C68D51AA54203D115682C441C6052683F
:100070005A6030BD0000002410EE100A20F000404D
:1000800000EE100A7047000010B510EE104A4FF055
:100090001A402DED028B00EB4400B0F1C85F4AD846
:1000A0004FF0FC40B0EB440F22D2B0EEC00AF7EEA6
:1000B000000A30EEC00AF6EE000A20EE208A18EEA2
:1000C000100A02F082FC00EE100A14F0004F1DBF6F
:1000D0009FED281ADFED280AB1EE400A9FED271A9E
:1000E00008BFF0EE410AF8EE001A20EE210A05E002
:1000F00020EE008A9FED221ADFED220ADFED221AA0
:100100009FED222A70EEC00A20EE080A08EE212A8E
:10011000DFED1F1A48EE021A9FED1E2A08EE212A73
:10012000DFED1D1A48EE021ABDEC028B40EE610AAB
:1001300030EE810A10BD4FF0CC40B0EB440F82BFCF
:100140009FED160ABDEC028B10BD4FF07F40B0EB67
:10015000440F05D2BDEC028BBDE8104001F054BE47
:10016000012001F021FFBDEC028BBDE8104001F041
:1001700051BE00000000494022AA7D3A0000000064
:100180000000C93F22AAFD3924FE1C3DC78AD83C85
:100190001E67383D1B93993DAFAA2A3EDB0FC93F2E
:1001A00070B56B482DED020B2DED0A8B82B00D9DC5
:1001B00025F000449FED68CB9FED699B84422EDBC8
:1001C000A4F140510C98A1F17F6108430FD066481B
:1001D000844202DC18D10C98B0B19DED0C0B02B03A
:1001E000BDEC0A8B02B0BDE8704001F0E1BD9DEDB1
:1001F0000C0B20EE0C0B9DED0C1B01EE090B02B05D
:10020000BDEC0A8B02B070BD012001F0CDFE02B042
:10021000BDEC0A8B02B0BDE8704001F0D1BD53487F
:10022000B7EE008B844230DA9DED0C0BB4F1795FB0
:100230000ADA51EC100BFFF7C5FE042808BF01F0E5
:10024000D7FD9DED0C0BDAE720EE009BB0EE490BDD
:1002500047480621784401F0EDFC20EE09ABB0EEF2
:10026000490B44480421784401F0E4FC09EE008B7A
:100270008AEE080B8DED000B9DED0C0B9DED0C1B1C
:100280009DED002B01EE020BB9E79DED0C0B51EC3F
:10029000100B02F0FBFA41EC100B38EE400B8DED29
:1002A000000BB6EE001B20EE01ABB0EE4A0B32485D
:1002B0000621784401F0BEFC20EE0ABBB0EE4A0BEA
:1002C0002E480421784401F0B5FC0AEE008B51EC75
:1002D0001A0B02F045FB41EC110B2948B0EE000B64
:1002E000A0420EDC8BEE082B8DED002B9DED003B2C
:1002F000B0EE412B01EE032B12EE009B3CEE490BBE
:1003000021E08DED001B002000909DED002B9DED68
:10031000003B02EE43AB31EE023B8AEE032B8BEE49
:10032000083B02EE409B21EE001B11EE039B9DED6E
:10033000003B9FED152BB0EE421B03EE401B39EE48
:10034000410B32EE400B002DD8BFB1EE400B56E70B
:100350000000F03F00000000182D4454FB21F93F3D
:10036000075C143326A6913C0000F07F0000E03FBC
:10037000B0270000CE2700005227000070270000A1
:100380003333EF3F00000000182D4454FB21E93FB8
:1003900010B54FF00E402DED028BB0EE408A18EEF6
:1003A000104A00EB4400B0F1506F4AD84FF0FC40C7
:1003B000B0EB440F22D2B0EEC80AF7EE000A30EEDE
:1003C000C00AF6EE000A60EE208A18EE900A02F0EB
:1003D000FCFA01EE100A14F0004F1DBFDFED2D0AEC
:1003E0009FED2D0AB1EE411ADFED2C0A08BF9FEDFB
:1003F0002C0AF8EE001A21EE218A05E0DFED290A29
:1004000068EE088AB0EE600A9FED271ADFED271A22
:1004100030EE080A48EE811A9FED251A08EEA11A5F
:10042000DFED241A48EE811A9FED231A08EEA11A77
:1004300068EE281ABDEC028B01EE810A30EE200A2C
:1004400010BD4FF0E440B0EB440F0CD918EE100A89
:10045000FFF7D0FD042808BF01F0E4FCB0EE480A25
:10046000BDEC028B10BD4FF07F40B0EB440F07D2C4
:10047000B0EE480ABDEC028BBDE8104001F0C4BCF0
:10048000012001F091FDBDEC028BBDE8104001F0B0
:10049000C1BC00000000C9BF22AAFDB90000C93FCD
:1004A00022AAFD390000000024FE1C3DC78AD83C6A
:1004B0001E67383D1B93993DAFAA2A3E00000000FD
:1004C00070B565482DED020B2DED048B059D25F0D3
:1004D0000044A04218DC6148844202DC0AD104983E
:1004E00040B19DED040BBDEC048B02B0BDE8704043
:1004F00001F05EBC002DCCBF9FED590B9FED5A0B58
:10050000BDEC048B02B070BD5948A04215DD5948BE
:10051000A042D8BF4FF0FF3455DD9DED040B51ECE8
:10052000100BFFF74FFD042808BF01F061FC9DEDA3
:10053000040BBDEC048B02B070BD9DED040B51ECBF
:10054000100B02F0A3F9CDE904014B48B7EE000B04
:10055000A0421CDD4948A0420BDD9DED042B002488
:10056000B0EE001B12EE010B32EE011B80EE012BF0
:1005700027E09DED041B012431EE401B9DED042B73
:1005800032EE000B81EE002B8DED042B1BE03C487E
:10059000A0420FDD9DED042B0224B7EE081B32EEC6
:1005A000412B9DED043B03EE010B82EE001B8DED14
:1005B000041B08E09DED040B0324BFEE001B81EE3D
:1005C000002B8DED042B9DED040B20EE009B29EEFE
:1005D000098BB0EE480B2B480621784401F02AFB2A
:1005E00020EE099BB0EE480B27480521784401F026
:1005F00021FB20EE080B002C0BDA39EE001B9DEDE1
:10060000040B9DED042B02EE410BBDEC048B02B0FC
:1006100070BD1E48784400EBC40090ED001B39EE1D
:10062000000B9DED042B12EE001B9DED040B31EE33
:10063000400B1748784400EBC40090ED001B31EEEE
:10064000400B002DB8BFB1EE400BBDEC048B02B0E7
:1006500070BD000000000000000010440000F07FAA
:10066000182D4454FB21F93F182D4454FB21F9BFA8
:100670000000DC3F0000203E0000F33F0000E63FAA
:1006800000800340E2240000A82400006024000051
:10069000202400000000000070B55F4E2DED040B1B
:1006A0002DED028B82B0DDF81CC0DDE905235C4234
:1006B0002CF000411C4341EAD474049D22F0004018
:1006C000B44205D86C422C4340EAD474B4420BD9EE
:1006D0009DED061B9DED040B02B0BDEC028B04B03A
:1006E000BDE8704001F067BBACF14054A4F17F64F9
:1006F0001C430BD0022404EAAC7444EAD2740543D0
:100700009FED478B9FED482B0DD016E09DED040B20
:1007100051EC100B02F0B2F841EC100B02B0BDEC42
:10072000028B04B070BD002C14BF012C9DED040B96
:10073000F4D0022C2ED0032C2FD00B439FED3C1B6A
:100740009FED3D0B0AD0B1421DD1B04209D121F03D
:10075000804120F080400791059014E0002ADDDA06
:1007600015E0374B7B44002C08BF93ED000BD5D030
:10077000012C04BF93ED000BB1EE400BCED0022C48
:1007800008D0032C09D0B0420AD1002AC6DAB0EE54
:10079000410BC3E7B0EE480BC0E7B0EE420BBDE73C
:1007A000401A00153C28C8BF8DED000B17DCBCF1CA
:1007B000000FBEBF10F13C0F9FED230B8DED000B22
:1007C0000DDB9DED041B9DED062B81EE020B51EC24
:1007D000100B02F05BF802F051F8CDE90001002C9B
:1007E00008BF9DED000B99D0012C0CD09DED001B96
:1007F0009FED170B022C31EE400B0CBF38EE400B77
:1008000030EE480B8AE7019880F0004001909DEDA2
:10081000000B83E7000000000000F07F00000000F4
:10082000182D4454FB210940182D4454FB2109C0C4
:10083000182D4454FB21F9BF182D4454FB21F93FD6
:100840004024000000000000000000000000000044
:10085000075C143326A6A13C10EE100A10B510EE6A
:10086000901A4FF0684202EB40032DED028BB3F17A
:10087000654F3CBF02EB4102B2F1654F7CD200BF35
:10088000C0F3C753C1F3C7529A1A1B2A09DD10F0EF
:10089000004F14BF9FED6E0A9FED6E0ABDEC028BF8
:1008A00010BD12F11A0F1BDA11F0004F09D010F031
:1008B000004F0CBF9FED680A9FED680ABDEC028BEC
:1008C00010BD80EE208A18EE100AFFF793FB042873
:1008D00008BF01F0A7FAB0EE480ABDEC028B10BDCC
:1008E0004200B2EB410F37D910F0004F19BFDFEDD6
:1008F0005C1A9FED5C1ADFED5C1A9FED5C1AB0EE9E
:10090000602A0A46F1EE400A80F00041B0EE420A49
:1009100010460A1A5200B2F1807F34D2484010F0DB
:10092000004FDFED532A9FED533A1DBFBEEE002A64
:1009300071EEE21A31EE431AB6EE002A04BF71EEF0
:10094000A21A31EE031AF0EE402A42EE602A40EE7F
:10095000020A82EEA02A18E011F0004F04BF9FEDBA
:10096000461AF0EE411AD4D010F0004F1CBFDFED54
:10097000431A9FED431A00E026E004BFDFED411A61
:100980009FED411AC5E780EE202A22EE020ADFED34
:100990003F0ADFED3F2ABDEC028B40EE202ADFED5F
:1009A0003D0A40EE220ADFED3C2A40EE202ADFED30
:1009B0003B0A40EE220A22EE000A00EE201A31EE37
:1009C000020A30EE210A10BD4FF07F42B2EB400F19
:1009D00028BFB2EB410F05D2BDEC028BBDE8104041
:1009E00001F015BA40EA01035B0008BF41F0FF4186
:1009F0000BD0B2EB400F08BFB2EB410F08D120F093
:100A0000804000EE100A21F0804100EE901A37E796
:100A1000B2EB400F12BF5FEA410240F0FF4001F02D
:100A200000413FF42DAF4A0092EA40033FF528AF62
:100A3000002AACBF9FED1A1A9FED1A1A20EE010A88
:100A400060EE810A10EE100A10EE901A18E700000E
:100A5000DB0FC9BFDB0FC93FDB0F4940DB0F49C0CC
:100A60000000C9BF22AAFDB90000C93F22AAFD3972
:100A70000060ED3EC30ACE3700000000000049C010
:100A800022AA7DBA0000494022AA7D3A2DAD65BD5B
:100A90008FB8D53D0FB511BE61C84C3EA8AAAABEFD
:100AA0000000804F0000802F10B529499FED261BC4
:100AB0002DED020B84B0059820F000408842D8BF8D
:100AC0009DED040B2DDD2349884209D1049840B9DE
:100AD0004FF0010001F068FA01F072F906B010BDA4
:100AE00005DB9DED040B30EE000B06B010BD684633
:100AF0009DED040B00F0B8FE10F0030004BF9DED67
:100B0000021B9DED000B0CD001280ED09DED021BA9
:100B10009DED000B022810D0012001F0C5F806B0B1
:100B200010BD01F025F806B010BD9DED021B9DED36
:100B3000000B012001F0B8F801E001F019F8B1EE66
:100B4000400B06B010BD00000000000000000000D7
:100B5000FB21E93F0000F07F10EE101A08B5444A6F
:100B60006846B2EB410F28D94FF0E640B0EB410F99
:100B700094BF00204FF0FF3000900098002861DB08
:100B800060EE000A10F0010F45D010F0020FDFED0B
:100B9000391A9FED391A00EEA11ADFED381A40EE2E
:100BA000811A21EEA01AF0EE400A40EE010A08BFB9
:100BB000F1EE600AB0EE600A08BD314B21F0004250
:100BC00093423CD911F0004FDFED2E0A20EE201A9F
:100BD000DFED2D0A19BF31EE601A71EE200A31EEF9
:100BE000201A71EE600ABDEEE01A11EE100A9FEDB8
:100BF000271A00F0030000EEC10A9FED251A0090AD
:100C000000EEC10A9FED231A00EEC10A9FED221AE1
:100C100000EEC10AB1E79FED211A9FED210A10F005
:100C2000020F00EE810A9FED1F1A00EE801AB7EE48
:100C3000000A00EE810A18BFB1EE400A08BD01F0BB
:100C4000F9F89AE710EE100A4000B0F17F4F3CBF70
:100C5000B7EE000A08BD07D14FF0010001F0A4F97A
:100C6000BDE8084001F0D6B8BDE8084001F0CCB8B6
:100C7000B61F927E336D4CB9DA82083CA0AA2ABE18
:100C8000490E494683F9223F0000004B0000C93F4E
:100C900000A0FD390020A2331A61342CB93AB2BA4F
:100CA000CA9F2A3DDDFFFFBE2DED020B019820F00B
:100CB000004001909DED000B02B070470000000065
:100CC0002DE9F04D2DED040B2DED0A8B9AB0DDE9E9
:100CD0002550279CDDF890A025F0004624F0004820
:100CE000BAF1000F14BF0121002101EB4502F849C0
:100CF00053184A10934228D3002814BF012300231D
:100D000003EB44030B44F3498B421ED358EA000122
:100D100072D0DFF8C4B35D4503D1BAF1000F05D13D
:100D200086E0BAF1000F08BF002100D0012101EBDD
:100D3000450111F5001F08D8002814BF012100212A
:100D400001EB440111F5001F0BD99DED261B9DED14
:100D5000240B1AB0BDEC0A8B04B0BDE8F04D01F0D5
:100D60002AB80027002DBCBFDC49884521DADC49C0
:100D70008845A8BF02271CDAC3451ADCD94901EB14
:100D80002851142908DDC1F1340220FA02F101FAD8
:100D900002F282420DD108E058B9C1F1140228FADA
:100DA00002F101FA02F2424503D101F00101C1F161
:100DB000020756EA0A0120D1002C1EDA002D18BFC6
:100DC000022F01D0012F0AD0022001F0EDF81AB055
:100DD000BDEC0A8B04B0BDE8F04D00F0DDBF022091
:100DE00001F0E2F800F0D8FFB1EE400B1AB0BDEC14
:100DF0000A8B04B0BDE8F08D1AE09FEDBB9B9FED20
:100E0000BC8BB7EE00AB00287DD1B44880451CD127
:100E100005F1804010F5801008BFBAF1000F07D02F
:100E2000B34508DC002CA8BF9DED260BDEDA07E0F9
:100E3000B7EE000BDAE7002CB8BF9DED260BD3DB35
:100E4000AD48784490ED000BD0E7D84548D1002C50
:100E500043DA2EB186423AD1BAF1000F3DD126E0F5
:100E6000BAF1000F13D0022001F09EF800F0B4FF99
:100E70008DED020B9DED240B8DED000B10EE900A15
:100E8000039961F31E0003909DED020BAEE78DED1B
:100E9000029B9DED240B19EE901A10EE900A8DED39
:100EA000000B61F31E0003909DED020B9EE78DED9C
:100EB000028B9DED240B18EE901A10EE900A8DED2A
:100EC000000B61F31E0003909DED020B8EE704DA28
:100ED0009DED241B8AEE010B88E79DED240B85E731
:100EE00086421ADAB4F1804F04BF9DED240B20EE48
:100EF000000B3FF47BAFA4F10050B0F1FF500CD1D8
:100F0000002D0ADB00E008E09DED240B51EC100BF6
:100F100001F026FD41EC100B68E79DED240B51EC30
:100F2000100B01F0B3FCBAF1000FCDE90E0140D176
:100F30009FED730B46B3A6F1E040B0F17F600ED099
:100F40005E4536D1002D00DA97B3022F0CBF012089
:100F50004FF0FF3000EE100AB8EEC00B46E7002D50
:100F600001DD002C0DDA002D01DD002C1DDB002D34
:100F700014DA002C12DB012F08BF9FED630B3FF446
:100F800035AFB0EE490B31E7022F18BF002D0CD062
:100F9000012F0AD1002DFFF629AF06E0002DB8BFC2
:100FA000002C06DA012F3FF421AFB0EE480B1DE70D
:100FB00019E0012000EBE57050EA070113D0B0EE14
:100FC0004A8B791E084308BFBFEE008B50480025AE
:100FD00080457ADD4F495048884514DDB0420DDB2D
:100FE000002C19DB2CE0012000F0DEFF1AB0BDEC74
:100FF0000A8B04B0BDE8F04D00F0E2BEB34502DC60
:10100000002C09DC1CE0864202DA002C18DA03E02E
:101010005E4528DD002C13DD022000F0C5FF00F046
:10102000DBFE8DED020B28EE090B8DED000B10EEB3
:10103000900A039961F31E0003909DED020BD5E623
:10104000022000F0B1FF00F0D3FE10EE901A18EE6F
:10105000900A8DED020B8DED008B61F31E00039065
:101060009DED020BC2E69DED0E0B30EE4A0B8DEDB1
:10107000040B20EE002B9DED041B9FED290BB5EE1C
:10108000003B01EE430B9DED043BB6EE001B03EE6F
:10109000401B22EE012B9DED040B9FED231B20EE48
:1010A000011B9FED233B20EE030B9FED233B02EE44
:1010B000430B31EE002B8DED022B02959DED022BA3
:1010C00032EE411B30EE411B11E139E0000000001F
:1010D000FFFF1F00FFFF0F000000F03F0000F07F48
:1010E0000000404301FCFFFF000000000000F07F13
:1010F0000000000000000000621D00000000000071
:101100000000000000000080000000000000F0FF70
:101110000000E0410000F043FFFFEF3F000000004F
:10112000555555555555D53F000000604715F73FBB
:1011300044DF5DF80BAE543EFE822B654715F73F4A
:101140000020B6F5801F0BDA9DED0E0B9FEDEC1B1A
:1011500020EE010B10EE906A8DED0E0B6FF0340057
:1011600000EB2650C6F31301A0F2FF37E64A41F028
:101170007F6040F040509142D8BF002408DDE34A30
:101180008A42C8BF012403DC0024A0F580107F1C24
:10119000DF49794401EBC4010F9091ED001B9DEDF7
:1011A0000E0B30EE410B9DED0E2B31EE023B8AEE25
:1011B000032B20EE029BD7498DED029B79440295CB
:1011C00091ED003B4FF0005141EA600000EB84409C
:1011D0008DED043B00F5002005909DED043B33EEC2
:1011E000411B9DED0E3B33EE411B9DED023B9DED02
:1011F000044B03EE440B03EE410B20EE02BB29EE41
:1012000009CBB0EE4C0BC4480621784400F012FD27
:101210002CEE0C1B20EE010B9DED021B31EE091B89
:101220000BEE010B9DED021B21EE011BB0EE082B16
:1012300031EE023B33EE003B8DED043B04959DED1A
:10124000043B33EE422B32EE411B30EE412B9DED41
:10125000020B9DED041B20EE011B9DED040B2BEEFC
:10126000000B02EE090B31EE002B8DED022B0295E7
:101270009DED022B32EE411B30EE411B9DED020B2A
:101280009FEDA72B20EE020B9DED022B9FEDA63BC1
:1012900022EE032B9FEDA63B01EE032BA6487844DC
:1012A00000EBC40090ED001B32EE011B02EE107A41
:1012B000B8EEC22B8DED042B30EE013B9F487844F5
:1012C00000EBC40090ED002B33EE023B9DED044B90
:1012D00033EE043B8DED023B02959DED023B33EE78
:1012E000443B33EE422B32EE400B31EE401B9DED82
:1012F000260B8DED000B00959DED260B9DED002B33
:1013000030EE420B9DED022B20EE020B9DED262BC5
:1013100002EE010B9DED001B9DED022B21EE021B49
:101320008DED021B30EE011B11EE900A11EE101A2A
:10133000834A8DED001B904224DB821A11430ED1AB
:101340009FED811B30EE011B9DED002B9DED023BBF
:1013500032EE432BB4EEC21BF1EE10FA26DD022072
:1013600000F022FE00F038FD10EE901A18EE900A00
:101370008DED020B8DED008B61F31E0003909DED52
:10138000020B33E5724B20F000429A420ED3714AB1
:10139000024411437FF454AE9DED022B31EE421B0B
:1013A000B4EEC01BF1EE10FABFF64AAE20F00041D9
:1013B000694A6A4B002402EB21529942D8BF9DED45
:1013C000021B27DD511C4FF4801222FA01F1014467
:1013D000634BC1F30A527B44A2F2FF3293ED001B30
:1013E000604B8DED041BD34021EA0303C1F31301CD
:1013F00041F48011C2F1140221FA02F4059300288D
:10140000B8BF64429DED021B9DED042B31EE421BE3
:101410008DED021B30EE011B8DED041B04959DED3F
:10142000041B9FED512B21EE021B9DED042B9DED26
:10143000023B32EE432B30EE420B9FED4D2B20EE64
:10144000020B9DED042B9FED4C3B02EE030B31EEA6
:10145000002B8DED002B32EE411B30EE419B9DEDBC
:10146000000B20EE000B46488DED040B052178445F
:1014700000F0E0FB9DED001B9DED042B02EE401BF8
:101480008DED021B9DED000B20EE010BB0EE002B4D
:1014900031EE422B80EE021B9DED002BB0EE490B8E
:1014A00002EE090B31EE400B9DED001B30EE410BBF
:1014B0003AEE400B10EE900A8DED000B00EB04505D
:1014C00001150029C8BF019013DC224651EC100B16
:1014D000EFF71EF9FEF776FD042808BF00F088FC40
:1014E00022469DED000B51EC100BEFF711F9CDE901
:1014F00000019DED000B28EE000B77E400000000DA
:1015000000000000000040438E9803007AB60B00F4
:101510005A190000E819000012190000000000002C
:10152000000000E009C7EE3FF5015B14E02F3EBE6E
:10153000FD033ADC09C7EE3F6E1800003E180000BC
:101540000000904000000000FE822B654715973C8C
:1015500000CC904000346F3F01FCFFFF0000E03FF3
:10156000CE170000FFFF0F0000000000432EE63FF3
:10157000EF39FAFE422EE63F396CA80C615C20BEC2
:10158000DE1600000000000010B529499FED261B63
:101590002DED020B84B0059820F000408842DCBF9E
:1015A00000209DED040B2EDD2249884209D10498CC
:1015B00040B94FF0010000F0F7FC00F001FC06B06C
:1015C00010BD05DB9DED040B30EE000B06B010BD29
:1015D00068469DED040B00F047F910F003000DD0B4
:1015E000012814D09DED021B9DED000B022816D0A2
:1015F00000F0BEFAB1EE400B06B010BD9DED021B2F
:101600009DED000B012000F04FFB06B010BD9DEDDD
:10161000021B9DED000B00F0ABFA06B010BD0120DF
:1016200000F042FBE6E700000000000000000000C0
:10163000FB21E93F0000F07F00B510EE101A2DED00
:10164000028B81B0524A6846B2EB410F2ED94FF05F
:10165000E640B0EB410F94BF00204FF0FF30009008
:101660000098B0EE408A00286ADB10F0010F4BD0E2
:1016700068EE080A9FED471A9FED470A00EE810ABF
:101680009FED461A10F0020F00EE801AB7EE000A26
:1016900000EE810A02BF01B0BDEC028B00BD00BFAD
:1016A00001B0B1EE400ABDEC028B00BD3C4B21F015
:1016B0000042934241D911F0004FDFED3A0A20EE8B
:1016C000201ADFED390A19BF31EE601A71EE200AD7
:1016D00031EE201A71EE600ABDEEE01A11EE100A2A
:1016E0009FED321A00F0030000EEC10A9FED301AA0
:1016F000009000EEC10A9FED2F1A00EEC10A9FED87
:101700002E1A00EEC10AABE728EE080A9FED2B1A4D
:10171000DFED2B0A10F0020F40EE010A9FED291AAF
:1017200000EE201A61EE000AB0EE480A08EE200A28
:10173000B6D101B0BDEC028B00BD00F07BFB8FE7A2
:1017400018EE100A4000B0F17F4F0DD218EE100ACB
:10175000FEF750FC042808BF00F064FBB0EE480A16
:1017600001B0BDEC028B00BD09D1012000F01CFCD2
:1017700001B0BDEC028B5DF804EB00F04BBB01B097
:10178000B0EE480ABDEC028B5DF804EB00F03CBB08
:10179000B61F927EB93AB2BACA9F2A3DDDFFFFBE9C
:1017A000490E494683F9223F0000004B0000C93F23
:1017B00000A0FD390020A2331A61342C336D4CB9DE
:1017C000DA82083CA0AA2ABE00B52DED028B83B0B8
:1017D000B1EEC08B18EE100A18EE901A8DED008B4A
:1017E000002818BF0120084320F00040C0F17F60AE
:1017F00000F1E040C00F14D010EE101A10EE900A65
:101800008DED000B002918BF0121084320F0004096
:10181000C0F17F6000F1E040C00F04BF012000F084
:10182000C3FBB0EE480B03B0BDEC028B00BD10B59E
:101830002DED028BB1EEC08A18EE100A20F00040A8
:10184000C0F1FF40C00F0AD010EE100A20F0004097
:10185000C0F1FF40C00F04BF012000F0A5FBB0EEB7
:10186000480ABDEC028B10BD2DE9F14F04462DED69
:10187000020B2DED048B94B09FED9D0B80ED020BC0
:10188000199E9D4826F0004585420ADC9DED180B07
:10189000002084ED000B14B0BDEC048B03B0BDE858
:1018A000F08F96489FED969B9FED978BA84225DD84
:1018B00097489FED991B9FED9A2B9DED180B002EDD
:1018C0000DDD30EE490B854212BF30EE480B30EE95
:1018D000410B30EE420B84ED000B0120DBE730EED4
:1018E000090B854212BF30EE080B30EE010B30EED3
:1018F000020B84ED000B4FF0FF30CCE78A48A84282
:1019000053DB9DED180B51EC100B00F0BFFF41ECC9
:10191000100BB0EE401B9FED862BB6EE000B01EED8
:10192000020BFDEEC00B10EE903A00EE903AB8EECE
:10193000E02BB0EE410B02EE490B22EE081BDFF864
:10194000F8C1290D0120FC4430EE411B84ED001B41
:1019500003281DD011EE902A00EB4015113DC2F373
:101960000A528A1A954213DAB0EE403B0CEB001291
:1019700092ED000B20EE021B33EE410B33EE403BA9
:1019800033EE411B92ED023B12EE031B401CDBE7E2
:10199000002EA8BF1846BFF67EAF94ED000BB1EE47
:1019A000400B84ED000B584275E7C6F3130040F47A
:1019B000801EC6F30A50A0F2F530471100F01F0553
:1019C000C5F12000DDF860B0139000200890099068
:1019D00005200DF1080C5949002D07EB0002794450
:1019E00008BF51F8221009D051F8223001EB8201D2
:1019F000AB404A68139922FA01F11943A1FB0E2664
:101A0000A1FB0B131A449A4234BF0123002303EBBA
:101A100006080CEB8003D3E901A60E448E4234BFC6
:101A20000121002192448A4411B1924502D903E078
:101A3000924501D2012100E00021C3E901A6414401
:101A40004CF82010011EA0F10100C4DC04989DEDAB
:101A5000050A00F10050810F0498DDED060A8000B0
:101A60009DED072A01EE100AB8EEC13BB8EE401B0F
:101A70009FED334B21EE041BB8EE600B9FED324B14
:101A800020EE040BB8EE422B9FED314B22EE042BDF
:101A900030EE024B34EE014B34EE034B8DED004B38
:101AA000002000909DED004B34EE433B33EE411B94
:101AB00031EE400B32EE401B9DED000B9FED262BCF
:101AC00020EE020B9FED262B01EE020B9DED001B7D
:101AD0009FED252B01EE020B199810F0004F1CBF53
:101AE0004942B1EE400B84ED000B0846D3E60000FE
:101AF0000000000000000000FB21E93F7CD902400B
:101B000000004054FB21F93F3163621A61B4D03DBB
:101B1000FB21F93F000000000000601A61B4D03DD5
:101B20007370032E8A19A33BFB213941000000008A
:101B300083C8C96D305FE43F66120000FE110000EB
:101B4000000000000000103E000000000000103CFB
:101B5000000000000000103A3326A611460B113C8D
:101B6000182D4454FB21F93D00000054FB21F93DA0
:101B700010B52DED040B2DED048B82B0B0EE419B22
:101B8000079820F00044B4F1795F0FDA9DED060B61
:101B9000BDEEC00B10EE100A002801BFB7EE000B1F
:101BA00002B0BDEC048B04B008BF10BD9DED060B68
:101BB00020EE008BB0EE480B1B480621784400F065
:101BC00039F820EE080B28EE000B9DED061B01EE08
:101BD000490BB6EE001B28EE011B1448B7EE002B94
:101BE0008442BCBF31EE400B32EE400B16DB104896
:101BF000A042BCBFB5EE023B8DED003B06DBA4F579
:101C000000100190002000909DED003B31EE431B41
:101C100032EE432B31EE400B32EE400B02B0BDEC06
:101C2000048B04B010BD0000B80F00003333D33F65
:101C30000000E93FB0EE401B491E00EBC10292EDEF
:101C4000000B31F006020DD0491E00EBC10292EDEF
:101C5000002BB0EE403BB0EE420B03EE010B31F037
:101C60000602F1D1022914D004290AD0062918BF8E
:101C7000704790ED0A2B00EE012B90ED080B02EE61
:101C8000010B90ED062B00EE012B90ED040B02EE04
:101C9000010B90ED022B00EE012B90ED000B02EEFC
:101CA000010B70470000000031B504462DED040B18
:101CB0002DED068BB0EE419B07989DED060B20F0B5
:101CC0000040B0F1795F0DDA51EC100BFEF77AF9B4
:101CD000042808BF00F08CF89DED060BBDEC068BC8
:101CE00005B030BD20EE008B28EE00ABB0EE480B07
:101CF000114805217844FFF79DFF9FED111B8CB122
:101D0000B6EE002B29EE022B0AEE402B18EE029BBA
:101D10000AEE419B9DED060B30EE490BBDEC068BA8
:101D200005B030BD08EE001B9DED060B0AEE010B61
:101D3000BDEC068B05B030BDA00F00000000000018
:101D4000495555555555C5BF2DE9F04782460F4CAD
:101D500010480D4E0E4F001B4FF0000820F00705F5
:101D60004FF0010900221146504600F09BFD00286B
:101D700002D1306810B10020BDE8F0873C60C4E9B2
:101D80000058C6F80090EDE704000024C436002493
:101D900000000024C04600249FED031BB7EE002B7B
:101DA00082EE010B70470000000000000000000000
:101DB00030EE000B704730EE010B70470000000062
:101DC0009FED031B81EE010B704700000000000037
:101DD00000000000000000009FED030B20EE000B50
:101DE00070470000000000000000000000000070CC
:101DF0009FED030B20EE000B704700000000000079
:101E0000000000000000001030EE000A704730EEC5
:101E1000200A7047DFED020A80EEA00A704700003A
:101E2000000000009FED020A20EE000A704700004B
:101E3000000000102DE9F0014FF07F42B2EB410F9E
:101E40009FBF4FF0FF310160BDE8F00170474FF0D8
:101E5000004242EA0123C1F3C752783A551112F009
:101E60001F0C434CCCF120067C44C1F3C752A2F1B5
:101E700078024FEA621204EB820254F8254008BF50
:101E8000D2E9015612D0556804FA0CF425FA06F787
:101E90003C43976805FA0CF527FA06F8D26807FA6A
:101EA0000CFCF24045EA08054CEA0206A4FB034C90
:101EB000A5FB0352A6FB03631D449D4234BF0126CC
:101EC00000261319334416B1934202D903E093421A
:101ED00001D2012200E00022624402F1200C9206AD
:101EE000DC0C42EA443200EE102A5B03DFED210AEB
:101EF000F8EEC01A00EE103A4FEA9C1C11F0004FA9
:101F0000B8EE400AC0F800C020EE201A00EE105AC9
:101F1000DFED190AB8EE400A20EE200A71EE810AC0
:101F200070EE800A10EE902A02F500626FF30B0249
:101F300000EE902A70EEE11A31EEC11ADFED101AB0
:101F400030EE411A9FED0D0A20EE800A01EE210AC3
:101F50009FED0C1A00EE810A04BFBDE8F001704746
:101F6000CCF180510160BDE8F001B1EE400A70474C
:101F70000C0E0000000000360000802C22AAFD2973
:101F8000DB0FC92F0000C92F02E008C8121F08C1CB
:101F9000002AFAD170477047002001E001C1121FEA
:101FA000002AFBD17047000001490860704700001B
:101FB000080000242DE9FF5F82B00021DDE9043034
:101FC000020DDDF840B0034318D044F61050A2F2E1
:101FD000FF3242431514119801281FD0A5EB0B00C6
:101FE000401C5FEA000A4FF000064E4FDFF83891C0
:101FF000B046504615D5CAF1000413E011980124EB
:102000004AA3012801D16FEA0B010298119AC0E995
:102010000031C0E9024206B0BDE8F09FCBF10000FC
:10202000DFE704460021404A491842EB0450CDE95D
:10203000001012E0E00707D032463B4640464946D2
:10204000EEF785FA8046894632463B4610461946E9
:10205000EEF77DFA06460F466410002CEAD1DDE962
:102060000401DDE90023BAF1000F06DAEEF76FFA9A
:1020700042464B46EEF76BFA05E0EEF7DAFA4246D7
:102080004B46EEF7D6FA04460E460022284BEEF7F2
:102090006FFB03D84FF0FF30014607E00022254BCD
:1020A00020463146EEF7ACF9EEF749FB102409E083
:1020B000002C0ADB0A220023EEF70AF9039B3032D8
:1020C0001A55641E50EA0102F2D1641C039AC4F14D
:1020D00011031444119A012A03D0012208430DD19F
:1020E0000AE0084304D000204FF0110B119072E772
:1020F000A3EB0B056D1E0DE05B4504DD4FF0000208
:1021000005F1010504E003DA4FF00002A5F1010535
:10211000002AECD002981199C0E90231C0E90045CB
:1021200079E70000000014400000F03F300000009C
:102130000000F0430000E03F2DE9FF4F95B09B46C3
:102140008946064600250FE2252877D10024274638
:10215000F84A0121059400E0044316F8013F203BB2
:1021600001FA03F01042F7D130782A2811D06FF02D
:102170002F033078A0F13002092A16D8059A44F0CE
:10218000020402EB820203EB42021044761C05902B
:10219000EFE759F8042B0592002A03DA504244F481
:1021A0000054059044F00204761C30782E2816D195
:1021B00016F8010F44F004042A280DD06FF02F0206
:1021C0003078A0F13003092B09D807EB870302EB25
:1021D0004303C718761CF3E759F8047B761C307864
:1021E0006C280FD006DC4C2817D068280DD06A2840
:1021F00014D104E0742810D07A280FD10DE044F4F3
:1022000000140AE044F4801401E044F440147278AD
:10221000824202D104F58014761C761C3078662840
:102220000BD013DC582877D009DC002875D045285E
:10223000F6D04628F4D047281AD19DE118E063284B
:1022400035D0642879D0652812D195E1702873D0F3
:1022500008DC6728F1D069286FD06E280DD06F2870
:1022600006D1B5E073282CD0752875D0782874D0A5
:102270005A46179990476D1C75E1C4F30250022825
:1022800009D003280DD0D9F8001004280DD00D6016
:1022900009F1040967E1D9F80010EA17C1E9005211
:1022A000F6E7D9F800100D80F2E70D70F0E719F8A5
:1022B000041B8DF8001000208DF80100EA46012073
:1022C00003E059F804AB4FF0FF3061074FF0000115
:1022D00002D40DE008F101018846B9420FDA8045C9
:1022E000F8DB1AF808100029F4D108E008F1010120
:1022F00088468142FADB1AF808100029F6D10598C1
:102300005B46A0EB080721463846179A00F094FA7E
:10231000284400EB080507E04DE029E10DE01AF83C
:10232000010B5A4617999047B8F10108F7D25B465E
:1023300021463846179A13E142E00A220092C4F37C
:1023400002524FF0000A022A08D059F804CB032A9F
:102350004FEAEC710AD00DE029E02AE009F107010B
:1023600021F00702F2E802C1914609E00FFA8CFC65
:102370004FEAEC71042A03D14FFA8CFC4FEAEC715E
:10238000002907DA0A460021DCF1000C61EB0201AA
:102390002D2202E0220504D52B228DF804200122F3
:1023A00003E0E20701D02022F7E7904659E00A2136
:1023B00002E010220DE010214FF0000A00910BE026
:1023C00010224FF0000A44F004040827009203E0B2
:1023D00008224FF0000A0092C4F30252022A05D0EC
:1023E00059F804CB0021032A08D009E009F10701BC
:1023F00021F00702F2E802C1914605E01FFA8CFCC9
:10240000042A01D10CF0FF0C4FF00008220728D558
:10241000702806D0009B83F0100353EA0A0305D00E
:102420000EE040228DF80420012208E05CEA01025F
:1024300006D030228DF804208DF805000222904647
:10244000009B83F0080353EA0A030AD15CEA010205
:1024500001D1620705D530228DF804204FF0010824
:102460007F1E582804D034A003900EA802900DE0DF
:1024700036A0F9E753466046009AEDF729FF8446F7
:102480000398825C0298401E029002705CEA010090
:10249000F0D1029806A9081A00F1200A600702D5B7
:1024A00024F4803400E00127574502DDA7EB0A0041
:1024B00000E0002000EB0A01009005984144401A1A
:1024C0000590E00306D45B462146179A059800F074
:1024D000B3F90544002706E001A85A46C05D1799E4
:1024E00090476D1C7F1C4745F6DBE0030CD55B462F
:1024F0002146179A059800F09FF9054404E0302022
:102500005A46179990476D1C0099481E0090002963
:10251000F5DC08E0029802995A460078491C0291BD
:10252000179990476D1CBAF10001AAF1010AF1DC7C
:1025300065E1000009280100303132333435363787
:1025400038396162636465660000000030313233FF
:10255000343536373839414243444546000000009F
:1025600000F058F90544761C307800287FF4ECAD73
:1025700019B02846BDE8F08F620700D4062709F19C
:10258000070222F0070CFCE80223E14603F00048B2
:102590005FEA080C02D00FF2702C0DE05FEA045CD9
:1025A00002D50FF2682C07E05FEAC47C02D00FF27C
:1025B000602C01E0AFF2700C4FF0FF3823F00043C5
:1025C000CDF850C065280CD006DC452809D0462837
:1025D0001DD047283DD13DE0662818D067287ED120
:1025E00038E00021112F01DB112000E0781CCDE93B
:1025F000000106A90EA8FFF7DDFCDDE90F010E9A28
:1026000003910021009207F1010A04914DE04FF07F
:1026100000400097CDE9011006A90EA8FFF7CAFCFB
:10262000DDE90F0203920E9B11990022DDF80CA048
:102630000093049211B9791C00EB010AB7EB0A0070
:1026400004D4C0F1FF3007F1010A0490AAEB07009F
:10265000019044E0012F00DA01270021112F01DD54
:10266000112000E03846CDE9000106A90EA8FFF7C9
:10267000A1FCDDE90F010E9A039100210491009263
:10268000BA4621070CD40399514500DA8A46BAF1BB
:10269000010F05DD009AAAF10101515C302908D033
:1026A000B84202DA10F1040F06DA0121CDE9011077
:1026B00015E0AAF10101E9E7002805DC04990144CD
:1026C0000491AAEB000102E0411C514500DD8A465D
:1026D0000499401A401C01904FF0004002902007DE
:1026E00004D40198504501DBCDF8048000208DF81A
:1026F0004F0002980DF14F07B0F1004F25D02B206D
:102700000E9002984FF0020800280CDA4042029026
:102710002D200E9007E00A210298EDF73CFE3031A3
:10272000029007F8011DB8F10001A8F10108F2DCE0
:1027300002980028EFD1791E0E980870307800F0CA
:10274000200040F0450007F8020D12A8C01B00F160
:1027500007081498007800B1012000EB0A010198E5
:1027600001EBE07105984144401A401E0590E003DA
:1027700006D45B462146179A059800F05DF805449B
:102780001498007818B15A46179990476D1CE003C9
:1027900024D55B462146179A059800F04DF805446C
:1027A0001CE00498002807DBDDE90301884203DD13
:1027B0000098405C179901E0179930205A469047DD
:1027C000049805F10105401C04900198401E0190F9
:1027D00004D12E205A46179990476D1CBAF100017A
:1027E000AAF1010ADDDC05E017F8010B5A4617993A
:1027F00090476D1CB8F10001A8F10108F4DC5B46BC
:102800002146179A0598ABE62D0000002B0000002A
:10281000200000002DE9F041044600251E46174621
:10282000880404D405E039462020B0476D1C641E9E
:10283000F9D52846BDE8F0812DE9F0410446002590
:102840001E469046C80301D5302700E020278804A3
:1028500004D505E041463846B0476D1C641EF9D5E5
:102860002846BDE8F0814A68002A06D00A68531C51
:102870000B6010704868401E4860704710B541EC0E
:10288000100BFDF71DFE51EC100B10BD82B0CDE911
:10289000000121F0004001909DED000B02B051ECD1
:1028A000100B70472DE9F0410B3020F00706104D5A
:1028B00019E02068B04215D3B0420AD9871B201D09
:1028C000D4F80480EDF735FDA019C0E90078286040
:1028D00004E060682860201DEDF72BFD201D2660B8
:1028E000BDE8F081251D2C68002CE2D10020F7E71F
:1028F000000000242DE9F04704008A4616D054F861
:10290000047CD4F800903E1F564500D95646204618
:10291000FDF784FB05468846324621465046FFF7C0
:10292000C1FF40B1C0F80090BDE8F087BDE8F047B6
:102930000846FFF709BA44E9017955B129686A18D0
:10294000211F8A4202D9611B091F2960C5F8048032
:10295000EAE7024AC2F80080E6E70000000000242F
:1029600000B541EC100B2DED028B83B0B1EEC08BA6
:1029700018EE100A18EE901A8DED008B002818BF83
:102980000120084320F00040C0F17F6000F1E040EA
:10299000C00F14D010EE101A10EE900A8DED000B3F
:1029A000002918BF0121084320F00040C0F17F60DA
:1029B00000F1E040C00F04BF0120FFF7F5FA51EC31
:1029C000180B03B0BDEC028B00BD10B500EE100A71
:1029D0002DED028BB1EEC08A18EE100A20F00040F7
:1029E000C0F1FF40C00F0AD010EE100A20F00040E6
:1029F000C0F1FF40C00F04BF0120FFF7D5FA18EE69
:102A0000100ABDEC028B10BD555555555555C53FA7
:102A10007D6FEB0312D6D4BF5544880E55C1C93F14
:102A20003B8F68B52882A4BF88B20175E0EF493FAB
:102A300009F7FD0DE13D023F4B2D8A1C273A03C0EB
:102A4000C88A599CE52A004059018D1B6C06E6BFD7
:102A500082922EB1C5B8B33F4FBB610567ACDD3F75
:102A6000182D4454FB21E93F9BF681D20B73EF3FB5
:102A7000182D4454FB21F93FE2652F227F2B7A3C2D
:102A8000075C143326A6813CBDCBF07A8807703CE6
:102A9000075C143326A6913CC4EB98999999C9BF59
:102AA000711623FEC671BCBF6D9A74AFF2B0B3BF8E
:102AB0009AFDDE522DDEADBF2F6C6A2C44B4A2BF4E
:102AC0000D5555555555D53FFF8300922449C23FBA
:102AD0006E204CC5CD45B73F513DD0A0660DB13FEE
:102AE000EB0D76244B7BA93F11DA22E33AAD903F00
:102AF000000000000000F03F000000000000F83F70
:102B000000000000000000000000004003B8E23FA9
:102B1000000000000000000006D0CF43EBFD4C3E5B
:102B2000033333333333E33FFFAB6FDBB66DDB3F50
:102B30004D268F515555D53F01411DA96074D13F98
:102B400065DBC9934A86CD3FEF4E454A287ECA3F92
:102B50003E5555555555C53F93BDBE166CC166BF14
:102B60002CDE25AF6A56113FF16BD2C541BDBBBE0D
:102B7000D0A4BE726937663E4C5555555555A53F94
:102B80007751C1166CC156BF9015CB19A001FA3E02
:102B9000AD529C804F7E92BEC4B1B4BD9EEE213E2C
:102BA000D43888BEE9FAA8BD00000000000000008B
:102BB00000004054FB21F93F3163621A61B4D03DFB
:102BC0000000601A61B4D03D7370032E8A19A33BD4
:102BD0000000002E8A19A33BC14920259A837B3926
:102BE00000000000000000006E83F9A22915444E89
:102BF000D15727FCC0DD34F5999562DB4190433C09
:102C0000AB6351FE61C5BBDE3A6E24B7E0D24D42E4
:102C1000EA2E49061C92D1091CEB1DFE3EA729B1E4
:102C2000F53582E88444BB2E26709CE9417E5FB472
:102C300039D69139F43953838B5F849C3B28F9BD95
:102C4000FF97F81F0F9805DE8B112FEF1F6D0A5AA3
:102C5000CF7E366DB709CB27663F464F2DEA5F9E84
:102C6000C7BA27757BF1E5EBF739073DEA92528A3F
:102C7000B15FFB6B085D8D1F000000006E83F9A241
:102C80002915444ED15727FCC0DD34F5999562DBF8
:102C90004190433CAB6351FEA6F810111111813FE6
:102CA000D561C119A0012ABF7DFEB157E31DC73E02
:102CB000EB9C2B8AE6E55ABE7CD5CF5A3AD9E53D46
:102CC000701600249C160024200F00244C0F0024B2
:102CD000401200246C1200247D04017C000240ABF1
:102CE000034101055308065804070F000810810925
:102CF00011000A15800B16000C18010D005EBCE2D5
:102D0000613FDD83C29C7E20A3FD1F419DC3217FC7
:102D1000FCA2401E5F01E3BD3E6082DC237D9FC1BB
:102D2000421CFEA0E1BF5D0380DE3C62BEE0025CAF
:102D3000DF81633D7C22C09E1D43A1FF4618FAA49B
:102D400027799BC584DA3866E5BB5907DB85673987
:102D5000BAE406581947A5FB7826C49A653BD9877B
:102D6000045AB8E6A7F91B45C6987A24F8A6441A6F
:102D700099C7257B3A6486D85B05E7B98CD2306E5B
:102D8000EDB3510F4E10F2AC2F7193CD114FADF347
:102D9000702ECC92D38D6F31B2EC0E50AFF1134D3B
:102DA000CE90722C6D33D18F0C52B0EE326C8ED02F
:102DB000530DEFB1F0AE4C1291CF2D73CA9476281B
:102DC000ABF517490856B4EA6937D58B5709EBB507
:102DD00036688AD495CB2977F4AA4816E9B7550BFB
:102DE00088D6346A2B7597C94A14F6A8742AC896EF
:102DF000154BA9F7B6E80A54D7896B3500000000D7
:102E00000102030401020304060708090000000090
:102E100000000000000000000000000000000000B2
:102E20000100000002000000030000000400000098
:102E3000000000000500000000000000000000008D
:102E4000000000000600000000000000000000007C
:102E500000000000070000000000803F00000000AC
:102E60000000000000000000000000000000000062
:102E7000000000000000803F000000000000000093
:102E80000000000000000000000000000000000042
:102E90000000803F00000000000000000000000073
:102EA0000000000000000000000000000000803F63
:102EB0000000000000000000000000000000000012
:102EC00000000000000000000000803F0000000043
:102ED00000000000000000000000000000000000F2
:102EE000000000000000803F000000000000000023
:102EF000C3F51C41010002000400060008000A009E
:102F00000C001000200040008000000100010203BE
:102F100004050607080C1014182030400000891121
:102F200012239B322446AD573665BF74488CC19D31
:102F30005AAFD3BE6CCAE5DB7EE9F7F88110080111
:102F400093331A22A5562C47B7753E64C99C408D11
:102F5000DBBF52AEEDDA64CBFFF976E802218B30AD
:102F6000100299132667AF763444BD554AADC3BCF1
:102F7000588ED19F6EEBE7FA7CC8F5D983310A20D1
:102F800091121803A7772E66B5543C45CBBD42ACD1
:102F9000D99E508FEFFB66EAFDD874C904428D5369
:102FA00016619F702004A9153227BB364CCEC5DFB1
:102FB0005EEDD7FC6888E1997AABF3BA85520C4391
:102FC00097711E60A1142805B3373A26CDDE44CF91
:102FD000DFFD56ECE9986089FBBB72AA06638F722D
:102FE00014409D512225AB343006B9174EEFC7FE71
:102FF0005CCCD5DD6AA9E3B8788AF19B87730E6251
:1030000095501C41A3352A24B1163807CFFF46EE50
:10301000DDDC54CDEBB962A8F99A708B08848195F8
:103020001AA793B62CC2A5D33EE1B7F04008C91940
:10303000522BDB3A644EED5F766DFF7C8994008500
:103040009BB712A6ADD224C3BFF136E0C118480920
:10305000D33B5A2AE55E6C4FF77D7E6C0AA583B49C
:10306000188691972EE3A7F23CC0B5D14229CB3800
:10307000500AD91B666FEF7E744CFD5D8BB502A4C0
:1030800099961087AFF326E2BDD034C1C3394A28E0
:10309000D11A580BE77F6E6EF55C7C4D0CC685D758
:1030A0001EE597F42880A1913AA3B3B2444ACD5BC0
:1030B0005669DF78600CE91D722FFB3E8DD604C780
:1030C0009FF516E4A9902081BBB332A2C55A4C4BA0
:1030D000D7795E68E11C680DF33F7A2E0EE787F61C
:1030E0001CC495D52AA1A3B03882B193466BCF7A80
:1030F0005448DD59622DEB3C700EF91F8FF706E640
:103100009DD414C5ABB122A0B9923083C77B4E6A5F
:10311000D5585C49E33D6A2CF11E780F0000803FD2
:103120000000000000000000000000000000803FE0
:103130000000000000000000000000000000803FD0
:103140006031010800000024A00E0000A208000861
:1031500020320108A00E002420480000981F01081A
:10316000D13C90D00304F11A24032904811A340CB1
:103170002904810009253333EB3A58A08B3AA20287
:103180009BFF010C9918092324B11CE0BE9C801AF6
:103190000B80E3803FE91001123214324E322C32A0
:1031A0003C3220324132133227321732425A4C1409
:1031B000321E32385A0C083224324A323202FF1B95
:1031C00001FF01FF01FF01FF01FF01FF01FF0137C7
:1031D00002AF0233FFFF08081250C347CDCCCC3DED
:1031E0000409531C110B1AC8421C012C1281000F38
:1031F000FF69347038B9340AD7533F4F020636019D
:10320000FF018B05210C0258040457025810035A81
:103210002C01138C240228242987E9E400000000F3
:040000050800029954
:00000001FF
